com;prot;;;
Tetrahydroxyflavone;YP_009725307.1;;;
Tetrahydroxyflavone;K4LC41_9BETC;;;
Tetrahydroxyflavone;PLpro_SARS-CoV-2;;;
Tetrahydroxyflavone;6LU7:A;;;
Tetrahydroxyflavone;6M0J:A;;;
Tetrahydroxyflavone;6LZG:A;;;
Tetrahydroxyflavone;6VSB:A;;;
Tetrahydroxyflavone;6VXX:A;;;
Rhamnetin;YP_009725307.1;;;
Rhamnetin;K4LC41_9BETC;;;
Rhamnetin;PLpro_SARS-CoV-2;;;
Rhamnetin;6LU7:A;;;
Rhamnetin;6M0J:A;;;
Rhamnetin;6LZG:A;;;
Rhamnetin;6VSB:A;;;
Rhamnetin;6VXX:A;;;
Psoralen;YP_009725307.1;;;
Psoralen;K4LC41_9BETC;;;
Psoralen;PLpro_SARS-CoV-2;;;
Psoralen;6LU7:A;;;
Psoralen;6M0J:A;;;
Psoralen;6LZG:A;;;
Psoralen;6VSB:A;;;
Psoralen;6VXX:A;;;
Orientanol_e;YP_009725307.1;;;
Orientanol_e;K4LC41_9BETC;;;
Orientanol_e;PLpro_SARS-CoV-2;;;
Orientanol_e;6LU7:A;;;
Orientanol_e;6M0J:A;;;
Orientanol_e;6LZG:A;;;
Orientanol_e;6VSB:A;;;
Orientanol_e;6VXX:A;;;
Laurotetanine;YP_009725307.1;;;
Laurotetanine;K4LC41_9BETC;;;
Laurotetanine;PLpro_SARS-CoV-2;;;
Laurotetanine;6LU7:A;;;
Laurotetanine;6M0J:A;;;
Laurotetanine;6LZG:A;;;
Laurotetanine;6VSB:A;;;
Laurotetanine;6VXX:A;;;
Hydroxyadoxoside;YP_009725307.1;;;
Hydroxyadoxoside;K4LC41_9BETC;;;
Hydroxyadoxoside;PLpro_SARS-CoV-2;;;
Hydroxyadoxoside;6LU7:A;;;
Hydroxyadoxoside;6M0J:A;;;
Hydroxyadoxoside;6LZG:A;;;
Hydroxyadoxoside;6VSB:A;;;
Hydroxyadoxoside;6VXX:A;;;
Glucosinolate;YP_009725307.1;;;
Glucosinolate;K4LC41_9BETC;;;
Glucosinolate;PLpro_SARS-CoV-2;;;
Glucosinolate;6LU7:A;;;
Glucosinolate;6M0J:A;;;
Glucosinolate;6LZG:A;;;
Glucosinolate;6VSB:A;;;
Glucosinolate;6VXX:A;;;
Ermanin;YP_009725307.1;;;
Ermanin;K4LC41_9BETC;;;
Ermanin;PLpro_SARS-CoV-2;;;
Ermanin;6LU7:A;;;
Ermanin;6M0J:A;;;
Ermanin;6LZG:A;;;
Ermanin;6VSB:A;;;
Ermanin;6VXX:A;;;
ß-pinene;YP_009725307.1;;;
ß-pinene;K4LC41_9BETC;;;
ß-pinene;PLpro_SARS-CoV-2;;;
ß-pinene;6LU7:A;;;
ß-pinene;6M0J:A;;;
ß-pinene;6LZG:A;;;
ß-pinene;6VSB:A;;;
ß-pinene;6VXX:A;;;
ß-caryophyllene;YP_009725307.1;;;
ß-caryophyllene;K4LC41_9BETC;;;
ß-caryophyllene;PLpro_SARS-CoV-2;;;
ß-caryophyllene;6LU7:A;;;
ß-caryophyllene;6M0J:A;;;
ß-caryophyllene;6LZG:A;;;
ß-caryophyllene;6VSB:A;;;
ß-caryophyllene;6VXX:A;;;
A-thujene;YP_009725307.1;;;
A-thujene;K4LC41_9BETC;;;
A-thujene;PLpro_SARS-CoV-2;;;
A-thujene;6LU7:A;;;
A-thujene;6M0J:A;;;
A-thujene;6LZG:A;;;
A-thujene;6VSB:A;;;
A-thujene;6VXX:A;;;
A-terpinene;YP_009725307.1;;;
A-terpinene;K4LC41_9BETC;;;
A-terpinene;PLpro_SARS-CoV-2;;;
A-terpinene;6LU7:A;;;
A-terpinene;6M0J:A;;;
A-terpinene;6LZG:A;;;
A-terpinene;6VSB:A;;;
A-terpinene;6VXX:A;;;
A-pinene;YP_009725307.1;;;
A-pinene;K4LC41_9BETC;;;
A-pinene;PLpro_SARS-CoV-2;;;
A-pinene;6LU7:A;;;
A-pinene;6M0J:A;;;
A-pinene;6LZG:A;;;
A-pinene;6VSB:A;;;
A-pinene;6VXX:A;;;
Y-mangostin;YP_009725307.1;;;
Y-mangostin;K4LC41_9BETC;;;
Y-mangostin;PLpro_SARS-CoV-2;;;
Y-mangostin;6LU7:A;;;
Y-mangostin;6M0J:A;;;
Y-mangostin;6LZG:A;;;
Y-mangostin;6VSB:A;;;
Y-mangostin;6VXX:A;;;
Ylangene;YP_009725307.1;;;
Ylangene;K4LC41_9BETC;;;
Ylangene;PLpro_SARS-CoV-2;;;
Ylangene;6LU7:A;;;
Ylangene;6M0J:A;;;
Ylangene;6LZG:A;;;
Ylangene;6VSB:A;;;
Ylangene;6VXX:A;;;
Y-cardinene;YP_009725307.1;;;
Y-cardinene;K4LC41_9BETC;;;
Y-cardinene;PLpro_SARS-CoV-2;;;
Y-cardinene;6LU7:A;;;
Y-cardinene;6M0J:A;;;
Y-cardinene;6LZG:A;;;
Y-cardinene;6VSB:A;;;
Y-cardinene;6VXX:A;;;
Viridiflorene;YP_009725307.1;;;
Viridiflorene;K4LC41_9BETC;;;
Viridiflorene;PLpro_SARS-CoV-2;;;
Viridiflorene;6LU7:A;;;
Viridiflorene;6M0J:A;;;
Viridiflorene;6LZG:A;;;
Viridiflorene;6VSB:A;;;
Viridiflorene;6VXX:A;;;
Vicenin;YP_009725307.1;;;
Vicenin;K4LC41_9BETC;;;
Vicenin;PLpro_SARS-CoV-2;;;
Vicenin;6LU7:A;;;
Vicenin;6M0J:A;;;
Vicenin;6LZG:A;;;
Vicenin;6VSB:A;;;
Vicenin;6VXX:A;;;
Valencene;YP_009725307.1;;;
Valencene;K4LC41_9BETC;;;
Valencene;PLpro_SARS-CoV-2;;;
Valencene;6LU7:A;;;
Valencene;6M0J:A;;;
Valencene;6LZG:A;;;
Valencene;6VSB:A;;;
Valencene;6VXX:A;;;
Ursolic acid;YP_009725307.1;;;
Ursolic acid;K4LC41_9BETC;;;
Ursolic acid;PLpro_SARS-CoV-2;;;
Ursolic acid;6LU7:A;;;
Ursolic acid;6M0J:A;;;
Ursolic acid;6LZG:A;;;
Ursolic acid;6VSB:A;;;
Ursolic acid;6VXX:A;;;
Tovophyllin b;YP_009725307.1;;;
Tovophyllin b;K4LC41_9BETC;;;
Tovophyllin b;PLpro_SARS-CoV-2;;;
Tovophyllin b;6LU7:A;;;
Tovophyllin b;6M0J:A;;;
Tovophyllin b;6LZG:A;;;
Tovophyllin b;6VSB:A;;;
Tovophyllin b;6VXX:A;;;
Tinosporaside;YP_009725307.1;;;
Tinosporaside;K4LC41_9BETC;;;
Tinosporaside;PLpro_SARS-CoV-2;;;
Tinosporaside;6LU7:A;;;
Tinosporaside;6M0J:A;;;
Tinosporaside;6LZG:A;;;
Tinosporaside;6VSB:A;;;
Tinosporaside;6VXX:A;;;
Tinocordiside;YP_009725307.1;;;
Tinocordiside;K4LC41_9BETC;;;
Tinocordiside;PLpro_SARS-CoV-2;;;
Tinocordiside;6LU7:A;;;
Tinocordiside;6M0J:A;;;
Tinocordiside;6LZG:A;;;
Tinocordiside;6VSB:A;;;
Tinocordiside;6VXX:A;;;
Thymoquinone;YP_009725307.1;;;
Thymoquinone;K4LC41_9BETC;;;
Thymoquinone;PLpro_SARS-CoV-2;;;
Thymoquinone;6LU7:A;;;
Thymoquinone;6M0J:A;;;
Thymoquinone;6LZG:A;;;
Thymoquinone;6VSB:A;;;
Thymoquinone;6VXX:A;;;
Tetradecanol;YP_009725307.1;;;
Tetradecanol;K4LC41_9BETC;;;
Tetradecanol;PLpro_SARS-CoV-2;;;
Tetradecanol;6LU7:A;;;
Tetradecanol;6M0J:A;;;
Tetradecanol;6LZG:A;;;
Tetradecanol;6VSB:A;;;
Tetradecanol;6VXX:A;;;
Terpinyl acetate;YP_009725307.1;;;
Terpinyl acetate;K4LC41_9BETC;;;
Terpinyl acetate;PLpro_SARS-CoV-2;;;
Terpinyl acetate;6LU7:A;;;
Terpinyl acetate;6M0J:A;;;
Terpinyl acetate;6LZG:A;;;
Terpinyl acetate;6VSB:A;;;
Terpinyl acetate;6VXX:A;;;
Terpinolene;YP_009725307.1;;;
Terpinolene;K4LC41_9BETC;;;
Terpinolene;PLpro_SARS-CoV-2;;;
Terpinolene;6LU7:A;;;
Terpinolene;6M0J:A;;;
Terpinolene;6LZG:A;;;
Terpinolene;6VSB:A;;;
Terpinolene;6VXX:A;;;
Tartaric acid;YP_009725307.1;;;
Tartaric acid;K4LC41_9BETC;;;
Tartaric acid;PLpro_SARS-CoV-2;;;
Tartaric acid;6LU7:A;;;
Tartaric acid;6M0J:A;;;
Tartaric acid;6LZG:A;;;
Tartaric acid;6VSB:A;;;
Tartaric acid;6VXX:A;;;
Syringin;YP_009725307.1;;;
Syringin;K4LC41_9BETC;;;
Syringin;PLpro_SARS-CoV-2;;;
Syringin;6LU7:A;;;
Syringin;6M0J:A;;;
Syringin;6LZG:A;;;
Syringin;6VSB:A;;;
Syringin;6VXX:A;;;
Stigmasterol-3-o-glucoside;YP_009725307.1;;;
Stigmasterol-3-o-glucoside;K4LC41_9BETC;;;
Stigmasterol-3-o-glucoside;PLpro_SARS-CoV-2;;;
Stigmasterol-3-o-glucoside;6LU7:A;;;
Stigmasterol-3-o-glucoside;6M0J:A;;;
Stigmasterol-3-o-glucoside;6LZG:A;;;
Stigmasterol-3-o-glucoside;6VSB:A;;;
Stigmasterol-3-o-glucoside;6VXX:A;;;
Sterculic acid;YP_009725307.1;;;
Sterculic acid;K4LC41_9BETC;;;
Sterculic acid;PLpro_SARS-CoV-2;;;
Sterculic acid;6LU7:A;;;
Sterculic acid;6M0J:A;;;
Sterculic acid;6LZG:A;;;
Sterculic acid;6VSB:A;;;
Sterculic acid;6VXX:A;;;
Stearic acid;YP_009725307.1;;;
Stearic acid;K4LC41_9BETC;;;
Stearic acid;PLpro_SARS-CoV-2;;;
Stearic acid;6LU7:A;;;
Stearic acid;6M0J:A;;;
Stearic acid;6LZG:A;;;
Stearic acid;6VSB:A;;;
Stearic acid;6VXX:A;;;
Spathulenol;YP_009725307.1;;;
Spathulenol;K4LC41_9BETC;;;
Spathulenol;PLpro_SARS-CoV-2;;;
Spathulenol;6LU7:A;;;
Spathulenol;6M0J:A;;;
Spathulenol;6LZG:A;;;
Spathulenol;6VSB:A;;;
Spathulenol;6VXX:A;;;
Soranjidiol;YP_009725307.1;;;
Soranjidiol;K4LC41_9BETC;;;
Soranjidiol;PLpro_SARS-CoV-2;;;
Soranjidiol;6LU7:A;;;
Soranjidiol;6M0J:A;;;
Soranjidiol;6LZG:A;;;
Soranjidiol;6VSB:A;;;
Soranjidiol;6VXX:A;;;
Sinamaldehid;YP_009725307.1;;;
Sinamaldehid;K4LC41_9BETC;;;
Sinamaldehid;PLpro_SARS-CoV-2;;;
Sinamaldehid;6LU7:A;;;
Sinamaldehid;6M0J:A;;;
Sinamaldehid;6LZG:A;;;
Sinamaldehid;6VSB:A;;;
Sinamaldehid;6VXX:A;;;
Secoisolariciresinol;YP_009725307.1;;;
Secoisolariciresinol;K4LC41_9BETC;;;
Secoisolariciresinol;PLpro_SARS-CoV-2;;;
Secoisolariciresinol;6LU7:A;;;
Secoisolariciresinol;6M0J:A;;;
Secoisolariciresinol;6LZG:A;;;
Secoisolariciresinol;6VSB:A;;;
Secoisolariciresinol;6VXX:A;;;
Seco-isolariciresinol trimethyl ether;YP_009725307.1;;;
Seco-isolariciresinol trimethyl ether;K4LC41_9BETC;;;
Seco-isolariciresinol trimethyl ether;PLpro_SARS-CoV-2;;;
Seco-isolariciresinol trimethyl ether;6LU7:A;;;
Seco-isolariciresinol trimethyl ether;6M0J:A;;;
Seco-isolariciresinol trimethyl ether;6LZG:A;;;
Seco-isolariciresinol trimethyl ether;6VSB:A;;;
Seco-isolariciresinol trimethyl ether;6VXX:A;;;
Seco-4-hydroxy lintetralin;YP_009725307.1;;;
Seco-4-hydroxy lintetralin;K4LC41_9BETC;;;
Seco-4-hydroxy lintetralin;PLpro_SARS-CoV-2;;;
Seco-4-hydroxy lintetralin;6LU7:A;;;
Seco-4-hydroxy lintetralin;6M0J:A;;;
Seco-4-hydroxy lintetralin;6LZG:A;;;
Seco-4-hydroxy lintetralin;6VSB:A;;;
Seco-4-hydroxy lintetralin;6VXX:A;;;
Scopoletin;YP_009725307.1;;;
Scopoletin;K4LC41_9BETC;;;
Scopoletin;PLpro_SARS-CoV-2;;;
Scopoletin;6LU7:A;;;
Scopoletin;6M0J:A;;;
Scopoletin;6LZG:A;;;
Scopoletin;6VSB:A;;;
Scopoletin;6VXX:A;;;
Safrole;YP_009725307.1;;;
Safrole;K4LC41_9BETC;;;
Safrole;PLpro_SARS-CoV-2;;;
Safrole;6LU7:A;;;
Safrole;6M0J:A;;;
Safrole;6LZG:A;;;
Safrole;6VSB:A;;;
Safrole;6VXX:A;;;
Sabinene;YP_009725307.1;;;
Sabinene;K4LC41_9BETC;;;
Sabinene;PLpro_SARS-CoV-2;;;
Sabinene;6LU7:A;;;
Sabinene;6M0J:A;;;
Sabinene;6LZG:A;;;
Sabinene;6VSB:A;;;
Sabinene;6VXX:A;;;
Rutin;YP_009725307.1;;;
Rutin;K4LC41_9BETC;;;
Rutin;PLpro_SARS-CoV-2;;;
Rutin;6LU7:A;;;
Rutin;6M0J:A;;;
Rutin;6LZG:A;;;
Rutin;6VSB:A;;;
Rutin;6VXX:A;;;
Rubiadin;YP_009725307.1;;;
Rubiadin;K4LC41_9BETC;;;
Rubiadin;PLpro_SARS-CoV-2;;;
Rubiadin;6LU7:A;;;
Rubiadin;6M0J:A;;;
Rubiadin;6LZG:A;;;
Rubiadin;6VSB:A;;;
Rubiadin;6VXX:A;;;
Rubiadin 1-methyl ether;YP_009725307.1;;;
Rubiadin 1-methyl ether;K4LC41_9BETC;;;
Rubiadin 1-methyl ether;PLpro_SARS-CoV-2;;;
Rubiadin 1-methyl ether;6LU7:A;;;
Rubiadin 1-methyl ether;6M0J:A;;;
Rubiadin 1-methyl ether;6LZG:A;;;
Rubiadin 1-methyl ether;6VSB:A;;;
Rubiadin 1-methyl ether;6VXX:A;;;
Ruberythric acid;YP_009725307.1;;;
Ruberythric acid;K4LC41_9BETC;;;
Ruberythric acid;PLpro_SARS-CoV-2;;;
Ruberythric acid;6LU7:A;;;
Ruberythric acid;6M0J:A;;;
Ruberythric acid;6LZG:A;;;
Ruberythric acid;6VSB:A;;;
Ruberythric acid;6VXX:A;;;
Ricinoleic acid;YP_009725307.1;;;
Ricinoleic acid;K4LC41_9BETC;;;
Ricinoleic acid;PLpro_SARS-CoV-2;;;
Ricinoleic acid;6LU7:A;;;
Ricinoleic acid;6M0J:A;;;
Ricinoleic acid;6LZG:A;;;
Ricinoleic acid;6VSB:A;;;
Ricinoleic acid;6VXX:A;;;
Repandusinic acid;YP_009725307.1;;;
Repandusinic acid;K4LC41_9BETC;;;
Repandusinic acid;PLpro_SARS-CoV-2;;;
Repandusinic acid;6LU7:A;;;
Repandusinic acid;6M0J:A;;;
Repandusinic acid;6LZG:A;;;
Repandusinic acid;6VSB:A;;;
Repandusinic acid;6VXX:A;;;
Quercitrin;YP_009725307.1;;;
Quercitrin;K4LC41_9BETC;;;
Quercitrin;PLpro_SARS-CoV-2;;;
Quercitrin;6LU7:A;;;
Quercitrin;6M0J:A;;;
Quercitrin;6LZG:A;;;
Quercitrin;6VSB:A;;;
Quercitrin;6VXX:A;;;
Quercetin-3-o-rhamnoside;YP_009725307.1;;;
Quercetin-3-o-rhamnoside;K4LC41_9BETC;;;
Quercetin-3-o-rhamnoside;PLpro_SARS-CoV-2;;;
Quercetin-3-o-rhamnoside;6LU7:A;;;
Quercetin-3-o-rhamnoside;6M0J:A;;;
Quercetin-3-o-rhamnoside;6LZG:A;;;
Quercetin-3-o-rhamnoside;6VSB:A;;;
Quercetin-3-o-rhamnoside;6VXX:A;;;
Quercetin;YP_009725307.1;;;
Quercetin;K4LC41_9BETC;;;
Quercetin;PLpro_SARS-CoV-2;;;
Quercetin;6LU7:A;;;
Quercetin;6M0J:A;;;
Quercetin;6LZG:A;;;
Quercetin;6VSB:A;;;
Quercetin;6VXX:A;;;
Pyrocathecol;YP_009725307.1;;;
Pyrocathecol;K4LC41_9BETC;;;
Pyrocathecol;PLpro_SARS-CoV-2;;;
Pyrocathecol;6LU7:A;;;
Pyrocathecol;6M0J:A;;;
Pyrocathecol;6LZG:A;;;
Pyrocathecol;6VSB:A;;;
Pyrocathecol;6VXX:A;;;
Protocatechuic acid;YP_009725307.1;;;
Protocatechuic acid;K4LC41_9BETC;;;
Protocatechuic acid;PLpro_SARS-CoV-2;;;
Protocatechuic acid;6LU7:A;;;
Protocatechuic acid;6M0J:A;;;
Protocatechuic acid;6LZG:A;;;
Protocatechuic acid;6VSB:A;;;
Protocatechuic acid;6VXX:A;;;
Propionic acid;YP_009725307.1;;;
Propionic acid;K4LC41_9BETC;;;
Propionic acid;PLpro_SARS-CoV-2;;;
Propionic acid;6LU7:A;;;
Propionic acid;6M0J:A;;;
Propionic acid;6LZG:A;;;
Propionic acid;6VSB:A;;;
Propionic acid;6VXX:A;;;
Proanthocyanidin a2;YP_009725307.1;;;
Proanthocyanidin a2;K4LC41_9BETC;;;
Proanthocyanidin a2;PLpro_SARS-CoV-2;;;
Proanthocyanidin a2;6LU7:A;;;
Proanthocyanidin a2;6M0J:A;;;
Proanthocyanidin a2;6LZG:A;;;
Proanthocyanidin a2;6VSB:A;;;
Proanthocyanidin a2;6VXX:A;;;
Piperitone;YP_009725307.1;;;
Piperitone;K4LC41_9BETC;;;
Piperitone;PLpro_SARS-CoV-2;;;
Piperitone;6LU7:A;;;
Piperitone;6M0J:A;;;
Piperitone;6LZG:A;;;
Piperitone;6VSB:A;;;
Piperitone;6VXX:A;;;
Physcione;YP_009725307.1;;;
Physcione;K4LC41_9BETC;;;
Physcione;PLpro_SARS-CoV-2;;;
Physcione;6LU7:A;;;
Physcione;6M0J:A;;;
Physcione;6LZG:A;;;
Physcione;6VSB:A;;;
Physcione;6VXX:A;;;
Phyltetralin;YP_009725307.1;;;
Phyltetralin;K4LC41_9BETC;;;
Phyltetralin;PLpro_SARS-CoV-2;;;
Phyltetralin;6LU7:A;;;
Phyltetralin;6M0J:A;;;
Phyltetralin;6LZG:A;;;
Phyltetralin;6VSB:A;;;
Phyltetralin;6VXX:A;;;
Phylnirurin;YP_009725307.1;;;
Phylnirurin;K4LC41_9BETC;;;
Phylnirurin;PLpro_SARS-CoV-2;;;
Phylnirurin;6LU7:A;;;
Phylnirurin;6M0J:A;;;
Phylnirurin;6LZG:A;;;
Phylnirurin;6VSB:A;;;
Phylnirurin;6VXX:A;;;
Phyllanthin;YP_009725307.1;;;
Phyllanthin;K4LC41_9BETC;;;
Phyllanthin;PLpro_SARS-CoV-2;;;
Phyllanthin;6LU7:A;;;
Phyllanthin;6M0J:A;;;
Phyllanthin;6LZG:A;;;
Phyllanthin;6VSB:A;;;
Phyllanthin;6VXX:A;;;
Phellandre;YP_009725307.1;;;
Phellandre;K4LC41_9BETC;;;
Phellandre;PLpro_SARS-CoV-2;;;
Phellandre;6LU7:A;;;
Phellandre;6M0J:A;;;
Phellandre;6LZG:A;;;
Phellandre;6VSB:A;;;
Phellandre;6VXX:A;;;
Petunidin-3-gentiobioside;YP_009725307.1;;;
Petunidin-3-gentiobioside;K4LC41_9BETC;;;
Petunidin-3-gentiobioside;PLpro_SARS-CoV-2;;;
Petunidin-3-gentiobioside;6LU7:A;;;
Petunidin-3-gentiobioside;6M0J:A;;;
Petunidin-3-gentiobioside;6LZG:A;;;
Petunidin-3-gentiobioside;6VSB:A;;;
Petunidin-3-gentiobioside;6VXX:A;;;
Petunidin;YP_009725307.1;;;
Petunidin;K4LC41_9BETC;;;
Petunidin;PLpro_SARS-CoV-2;;;
Petunidin;6LU7:A;;;
Petunidin;6M0J:A;;;
Petunidin;6LZG:A;;;
Petunidin;6VSB:A;;;
Petunidin;6VXX:A;;;
Pelargonic acid;YP_009725307.1;;;
Pelargonic acid;K4LC41_9BETC;;;
Pelargonic acid;PLpro_SARS-CoV-2;;;
Pelargonic acid;6LU7:A;;;
Pelargonic acid;6M0J:A;;;
Pelargonic acid;6LZG:A;;;
Pelargonic acid;6VSB:A;;;
Pelargonic acid;6VXX:A;;;
P-cymene;YP_009725307.1;;;
P-cymene;K4LC41_9BETC;;;
P-cymene;PLpro_SARS-CoV-2;;;
P-cymene;6LU7:A;;;
P-cymene;6M0J:A;;;
P-cymene;6LZG:A;;;
P-cymene;6VSB:A;;;
P-cymene;6VXX:A;;;
P-coumaric acid;YP_009725307.1;;;
P-coumaric acid;K4LC41_9BETC;;;
P-coumaric acid;PLpro_SARS-CoV-2;;;
P-coumaric acid;6LU7:A;;;
P-coumaric acid;6M0J:A;;;
P-coumaric acid;6LZG:A;;;
P-coumaric acid;6VSB:A;;;
P-coumaric acid;6VXX:A;;;
Palmitoleic acid;YP_009725307.1;;;
Palmitoleic acid;K4LC41_9BETC;;;
Palmitoleic acid;PLpro_SARS-CoV-2;;;
Palmitoleic acid;6LU7:A;;;
Palmitoleic acid;6M0J:A;;;
Palmitoleic acid;6LZG:A;;;
Palmitoleic acid;6VSB:A;;;
Palmitoleic acid;6VXX:A;;;
Palmitic acid;YP_009725307.1;;;
Palmitic acid;K4LC41_9BETC;;;
Palmitic acid;PLpro_SARS-CoV-2;;;
Palmitic acid;6LU7:A;;;
Palmitic acid;6M0J:A;;;
Palmitic acid;6LZG:A;;;
Palmitic acid;6VSB:A;;;
Palmitic acid;6VXX:A;;;
Palmatine;YP_009725307.1;;;
Palmatine;K4LC41_9BETC;;;
Palmatine;PLpro_SARS-CoV-2;;;
Palmatine;6LU7:A;;;
Palmatine;6M0J:A;;;
Palmatine;6LZG:A;;;
Palmatine;6VSB:A;;;
Palmatine;6VXX:A;;;
Oxalic acid;YP_009725307.1;;;
Oxalic acid;K4LC41_9BETC;;;
Oxalic acid;PLpro_SARS-CoV-2;;;
Oxalic acid;6LU7:A;;;
Oxalic acid;6M0J:A;;;
Oxalic acid;6LZG:A;;;
Oxalic acid;6VSB:A;;;
Oxalic acid;6VXX:A;;;
Oleic acid;YP_009725307.1;;;
Oleic acid;K4LC41_9BETC;;;
Oleic acid;PLpro_SARS-CoV-2;;;
Oleic acid;6LU7:A;;;
Oleic acid;6M0J:A;;;
Oleic acid;6LZG:A;;;
Oleic acid;6VSB:A;;;
Oleic acid;6VXX:A;;;
Oleanolic acid;YP_009725307.1;;;
Oleanolic acid;K4LC41_9BETC;;;
Oleanolic acid;PLpro_SARS-CoV-2;;;
Oleanolic acid;6LU7:A;;;
Oleanolic acid;6M0J:A;;;
Oleanolic acid;6LZG:A;;;
Oleanolic acid;6VSB:A;;;
Oleanolic acid;6VXX:A;;;
N-transferuloltyramine;YP_009725307.1;;;
N-transferuloltyramine;K4LC41_9BETC;;;
N-transferuloltyramine;PLpro_SARS-CoV-2;;;
N-transferuloltyramine;6LU7:A;;;
N-transferuloltyramine;6M0J:A;;;
N-transferuloltyramine;6LZG:A;;;
N-transferuloltyramine;6VSB:A;;;
N-transferuloltyramine;6VXX:A;;;
Nor-securin;YP_009725307.1;;;
Nor-securin;K4LC41_9BETC;;;
Nor-securin;PLpro_SARS-CoV-2;;;
Nor-securin;6LU7:A;;;
Nor-securin;6M0J:A;;;
Nor-securin;6LZG:A;;;
Nor-securin;6VSB:A;;;
Nor-securin;6VXX:A;;;
Nonanal;YP_009725307.1;;;
Nonanal;K4LC41_9BETC;;;
Nonanal;PLpro_SARS-CoV-2;;;
Nonanal;6LU7:A;;;
Nonanal;6M0J:A;;;
Nonanal;6LZG:A;;;
Nonanal;6VSB:A;;;
Nonanal;6VXX:A;;;
Nirurin;YP_009725307.1;;;
Nirurin;K4LC41_9BETC;;;
Nirurin;PLpro_SARS-CoV-2;;;
Nirurin;6LU7:A;;;
Nirurin;6M0J:A;;;
Nirurin;6LZG:A;;;
Nirurin;6VSB:A;;;
Nirurin;6VXX:A;;;
Nirtetralin;YP_009725307.1;;;
Nirtetralin;K4LC41_9BETC;;;
Nirtetralin;PLpro_SARS-CoV-2;;;
Nirtetralin;6LU7:A;;;
Nirtetralin;6M0J:A;;;
Nirtetralin;6LZG:A;;;
Nirtetralin;6VSB:A;;;
Nirtetralin;6VXX:A;;;
Nirphyllin;YP_009725307.1;;;
Nirphyllin;K4LC41_9BETC;;;
Nirphyllin;PLpro_SARS-CoV-2;;;
Nirphyllin;6LU7:A;;;
Nirphyllin;6M0J:A;;;
Nirphyllin;6LZG:A;;;
Nirphyllin;6VSB:A;;;
Nirphyllin;6VXX:A;;;
Niranthin;YP_009725307.1;;;
Niranthin;K4LC41_9BETC;;;
Niranthin;PLpro_SARS-CoV-2;;;
Niranthin;6LU7:A;;;
Niranthin;6M0J:A;;;
Niranthin;6LZG:A;;;
Niranthin;6VSB:A;;;
Niranthin;6VXX:A;;;
N-heptadecane;YP_009725307.1;;;
N-heptadecane;K4LC41_9BETC;;;
N-heptadecane;PLpro_SARS-CoV-2;;;
N-heptadecane;6LU7:A;;;
N-heptadecane;6M0J:A;;;
N-heptadecane;6LZG:A;;;
N-heptadecane;6VSB:A;;;
N-heptadecane;6VXX:A;;;
Nerolidol;YP_009725307.1;;;
Nerolidol;K4LC41_9BETC;;;
Nerolidol;PLpro_SARS-CoV-2;;;
Nerolidol;6LU7:A;;;
Nerolidol;6M0J:A;;;
Nerolidol;6LZG:A;;;
Nerolidol;6VSB:A;;;
Nerolidol;6VXX:A;;;
Nerol/geraniol;YP_009725307.1;;;
Nerol/geraniol;K4LC41_9BETC;;;
Nerol/geraniol;PLpro_SARS-CoV-2;;;
Nerol/geraniol;6LU7:A;;;
Nerol/geraniol;6M0J:A;;;
Nerol/geraniol;6LZG:A;;;
Nerol/geraniol;6VSB:A;;;
Nerol/geraniol;6VXX:A;;;
Neonirtetralin;YP_009725307.1;;;
Neonirtetralin;K4LC41_9BETC;;;
Neonirtetralin;PLpro_SARS-CoV-2;;;
Neonirtetralin;6LU7:A;;;
Neonirtetralin;6M0J:A;;;
Neonirtetralin;6LZG:A;;;
Neonirtetralin;6VSB:A;;;
Neonirtetralin;6VXX:A;;;
Neoandrographolid;YP_009725307.1;;;
Neoandrographolid;K4LC41_9BETC;;;
Neoandrographolid;PLpro_SARS-CoV-2;;;
Neoandrographolid;6LU7:A;;;
Neoandrographolid;6M0J:A;;;
Neoandrographolid;6LZG:A;;;
Neoandrographolid;6VSB:A;;;
Neoandrographolid;6VXX:A;;;
N-cisferuloyltyramine;YP_009725307.1;;;
N-cisferuloyltyramine;K4LC41_9BETC;;;
N-cisferuloyltyramine;PLpro_SARS-CoV-2;;;
N-cisferuloyltyramine;6LU7:A;;;
N-cisferuloyltyramine;6M0J:A;;;
N-cisferuloyltyramine;6LZG:A;;;
N-cisferuloyltyramine;6VSB:A;;;
N-cisferuloyltyramine;6VXX:A;;;
Naringin;YP_009725307.1;;;
Naringin;K4LC41_9BETC;;;
Naringin;PLpro_SARS-CoV-2;;;
Naringin;6LU7:A;;;
Naringin;6M0J:A;;;
Naringin;6LZG:A;;;
Naringin;6VSB:A;;;
Naringin;6VXX:A;;;
Myristic acid;YP_009725307.1;;;
Myristic acid;K4LC41_9BETC;;;
Myristic acid;PLpro_SARS-CoV-2;;;
Myristic acid;6LU7:A;;;
Myristic acid;6M0J:A;;;
Myristic acid;6LZG:A;;;
Myristic acid;6VSB:A;;;
Myristic acid;6VXX:A;;;
Myricitin;YP_009725307.1;;;
Myricitin;K4LC41_9BETC;;;
Myricitin;PLpro_SARS-CoV-2;;;
Myricitin;6LU7:A;;;
Myricitin;6M0J:A;;;
Myricitin;6LZG:A;;;
Myricitin;6VSB:A;;;
Myricitin;6VXX:A;;;
Myrcene;YP_009725307.1;;;
Myrcene;K4LC41_9BETC;;;
Myrcene;PLpro_SARS-CoV-2;;;
Myrcene;6LU7:A;;;
Myrcene;6M0J:A;;;
Myrcene;6LZG:A;;;
Myrcene;6VSB:A;;;
Myrcene;6VXX:A;;;
Morindone;YP_009725307.1;;;
Morindone;K4LC41_9BETC;;;
Morindone;PLpro_SARS-CoV-2;;;
Morindone;6LU7:A;;;
Morindone;6M0J:A;;;
Morindone;6LZG:A;;;
Morindone;6VSB:A;;;
Morindone;6VXX:A;;;
Morindin;YP_009725307.1;;;
Morindin;K4LC41_9BETC;;;
Morindin;PLpro_SARS-CoV-2;;;
Morindin;6LU7:A;;;
Morindin;6M0J:A;;;
Morindin;6LZG:A;;;
Morindin;6VSB:A;;;
Morindin;6VXX:A;;;
Morindanidrine;YP_009725307.1;;;
Morindanidrine;K4LC41_9BETC;;;
Morindanidrine;PLpro_SARS-CoV-2;;;
Morindanidrine;6LU7:A;;;
Morindanidrine;6M0J:A;;;
Morindanidrine;6LZG:A;;;
Morindanidrine;6VSB:A;;;
Morindanidrine;6VXX:A;;;
Morenone 2;YP_009725307.1;;;
Morenone 2;K4LC41_9BETC;;;
Morenone 2;PLpro_SARS-CoV-2;;;
Morenone 2;6LU7:A;;;
Morenone 2;6M0J:A;;;
Morenone 2;6LZG:A;;;
Morenone 2;6VSB:A;;;
Morenone 2;6VXX:A;;;
Morenone 1;YP_009725307.1;;;
Morenone 1;K4LC41_9BETC;;;
Morenone 1;PLpro_SARS-CoV-2;;;
Morenone 1;6LU7:A;;;
Morenone 1;6M0J:A;;;
Morenone 1;6LZG:A;;;
Morenone 1;6VSB:A;;;
Morenone 1;6VXX:A;;;
Momordol;YP_009725307.1;;;
Momordol;K4LC41_9BETC;;;
Momordol;PLpro_SARS-CoV-2;;;
Momordol;6LU7:A;;;
Momordol;6M0J:A;;;
Momordol;6LZG:A;;;
Momordol;6VSB:A;;;
Momordol;6VXX:A;;;
Momordin i;YP_009725307.1;;;
Momordin i;K4LC41_9BETC;;;
Momordin i;PLpro_SARS-CoV-2;;;
Momordin i;6LU7:A;;;
Momordin i;6M0J:A;;;
Momordin i;6LZG:A;;;
Momordin i;6VSB:A;;;
Momordin i;6VXX:A;;;
Momordin lc;YP_009725307.1;;;
Momordin lc;K4LC41_9BETC;;;
Momordin lc;PLpro_SARS-CoV-2;;;
Momordin lc;6LU7:A;;;
Momordin lc;6M0J:A;;;
Momordin lc;6LZG:A;;;
Momordin lc;6VSB:A;;;
Momordin lc;6VXX:A;;;
Momordin ib;YP_009725307.1;;;
Momordin ib;K4LC41_9BETC;;;
Momordin ib;PLpro_SARS-CoV-2;;;
Momordin ib;6LU7:A;;;
Momordin ib;6M0J:A;;;
Momordin ib;6LZG:A;;;
Momordin ib;6VSB:A;;;
Momordin ib;6VXX:A;;;
Momordicinin;YP_009725307.1;;;
Momordicinin;K4LC41_9BETC;;;
Momordicinin;PLpro_SARS-CoV-2;;;
Momordicinin;6LU7:A;;;
Momordicinin;6M0J:A;;;
Momordicinin;6LZG:A;;;
Momordicinin;6VSB:A;;;
Momordicinin;6VXX:A;;;
Momordicine 1;YP_009725307.1;;;
Momordicine 1;K4LC41_9BETC;;;
Momordicine 1;PLpro_SARS-CoV-2;;;
Momordicine 1;6LU7:A;;;
Momordicine 1;6M0J:A;;;
Momordicine 1;6LZG:A;;;
Momordicine 1;6VSB:A;;;
Momordicine 1;6VXX:A;;;
Momordicilin;YP_009725307.1;;;
Momordicilin;K4LC41_9BETC;;;
Momordicilin;PLpro_SARS-CoV-2;;;
Momordicilin;6LU7:A;;;
Momordicilin;6M0J:A;;;
Momordicilin;6LZG:A;;;
Momordicilin;6VSB:A;;;
Momordicilin;6VXX:A;;;
Momordenol;YP_009725307.1;;;
Momordenol;K4LC41_9BETC;;;
Momordenol;PLpro_SARS-CoV-2;;;
Momordenol;6LU7:A;;;
Momordenol;6M0J:A;;;
Momordenol;6LZG:A;;;
Momordenol;6VSB:A;;;
Momordenol;6VXX:A;;;
Methyl isoeugenol;YP_009725307.1;;;
Methyl isoeugenol;K4LC41_9BETC;;;
Methyl isoeugenol;PLpro_SARS-CoV-2;;;
Methyl isoeugenol;6LU7:A;;;
Methyl isoeugenol;6M0J:A;;;
Methyl isoeugenol;6LZG:A;;;
Methyl isoeugenol;6VSB:A;;;
Methyl isoeugenol;6VXX:A;;;
Methyl eugenol;YP_009725307.1;;;
Methyl eugenol;K4LC41_9BETC;;;
Methyl eugenol;PLpro_SARS-CoV-2;;;
Methyl eugenol;6LU7:A;;;
Methyl eugenol;6M0J:A;;;
Methyl eugenol;6LZG:A;;;
Methyl eugenol;6VSB:A;;;
Methyl eugenol;6VXX:A;;;
Methyl cinnamate;YP_009725307.1;;;
Methyl cinnamate;K4LC41_9BETC;;;
Methyl cinnamate;PLpro_SARS-CoV-2;;;
Methyl cinnamate;6LU7:A;;;
Methyl cinnamate;6M0J:A;;;
Methyl cinnamate;6LZG:A;;;
Methyl cinnamate;6VSB:A;;;
Methyl cinnamate;6VXX:A;;;
Methyl chavicol;YP_009725307.1;;;
Methyl chavicol;K4LC41_9BETC;;;
Methyl chavicol;PLpro_SARS-CoV-2;;;
Methyl chavicol;6LU7:A;;;
Methyl chavicol;6M0J:A;;;
Methyl chavicol;6LZG:A;;;
Methyl chavicol;6VSB:A;;;
Methyl chavicol;6VXX:A;;;
Methyl brevifolin carboxylic acid;YP_009725307.1;;;
Methyl brevifolin carboxylic acid;K4LC41_9BETC;;;
Methyl brevifolin carboxylic acid;PLpro_SARS-CoV-2;;;
Methyl brevifolin carboxylic acid;6LU7:A;;;
Methyl brevifolin carboxylic acid;6M0J:A;;;
Methyl brevifolin carboxylic acid;6LZG:A;;;
Methyl brevifolin carboxylic acid;6VSB:A;;;
Methyl brevifolin carboxylic acid;6VXX:A;;;
Mannose-6-phosphate;YP_009725307.1;;;
Mannose-6-phosphate;K4LC41_9BETC;;;
Mannose-6-phosphate;PLpro_SARS-CoV-2;;;
Mannose-6-phosphate;6LU7:A;;;
Mannose-6-phosphate;6M0J:A;;;
Mannose-6-phosphate;6LZG:A;;;
Mannose-6-phosphate;6VSB:A;;;
Mannose-6-phosphate;6VXX:A;;;
Mangostinone;YP_009725307.1;;;
Mangostinone;K4LC41_9BETC;;;
Mangostinone;PLpro_SARS-CoV-2;;;
Mangostinone;6LU7:A;;;
Mangostinone;6M0J:A;;;
Mangostinone;6LZG:A;;;
Mangostinone;6VSB:A;;;
Mangostinone;6VXX:A;;;
Mangostin;YP_009725307.1;;;
Mangostin;K4LC41_9BETC;;;
Mangostin;PLpro_SARS-CoV-2;;;
Mangostin;6LU7:A;;;
Mangostin;6M0J:A;;;
Mangostin;6LZG:A;;;
Mangostin;6VSB:A;;;
Mangostin;6VXX:A;;;
Mangostenone b;YP_009725307.1;;;
Mangostenone b;K4LC41_9BETC;;;
Mangostenone b;PLpro_SARS-CoV-2;;;
Mangostenone b;6LU7:A;;;
Mangostenone b;6M0J:A;;;
Mangostenone b;6LZG:A;;;
Mangostenone b;6VSB:A;;;
Mangostenone b;6VXX:A;;;
Mangostenone a;YP_009725307.1;;;
Mangostenone a;K4LC41_9BETC;;;
Mangostenone a;PLpro_SARS-CoV-2;;;
Mangostenone a;6LU7:A;;;
Mangostenone a;6M0J:A;;;
Mangostenone a;6LZG:A;;;
Mangostenone a;6VSB:A;;;
Mangostenone a;6VXX:A;;;
Mangostanol;YP_009725307.1;;;
Mangostanol;K4LC41_9BETC;;;
Mangostanol;PLpro_SARS-CoV-2;;;
Mangostanol;6LU7:A;;;
Mangostanol;6M0J:A;;;
Mangostanol;6LZG:A;;;
Mangostanol;6VSB:A;;;
Mangostanol;6VXX:A;;;
Mangiferin;YP_009725307.1;;;
Mangiferin;K4LC41_9BETC;;;
Mangiferin;PLpro_SARS-CoV-2;;;
Mangiferin;6LU7:A;;;
Mangiferin;6M0J:A;;;
Mangiferin;6LZG:A;;;
Mangiferin;6VSB:A;;;
Mangiferin;6VXX:A;;;
Malvidin-3-laminaribioside;YP_009725307.1;;;
Malvidin-3-laminaribioside;K4LC41_9BETC;;;
Malvidin-3-laminaribioside;PLpro_SARS-CoV-2;;;
Malvidin-3-laminaribioside;6LU7:A;;;
Malvidin-3-laminaribioside;6M0J:A;;;
Malvidin-3-laminaribioside;6LZG:A;;;
Malvidin-3-laminaribioside;6VSB:A;;;
Malvidin-3-laminaribioside;6VXX:A;;;
Malvidin;YP_009725307.1;;;
Malvidin;K4LC41_9BETC;;;
Malvidin;PLpro_SARS-CoV-2;;;
Malvidin;6LU7:A;;;
Malvidin;6M0J:A;;;
Malvidin;6LZG:A;;;
Malvidin;6VSB:A;;;
Malvidin;6VXX:A;;;
Malvalic acid;YP_009725307.1;;;
Malvalic acid;K4LC41_9BETC;;;
Malvalic acid;PLpro_SARS-CoV-2;;;
Malvalic acid;6LU7:A;;;
Malvalic acid;6M0J:A;;;
Malvalic acid;6LZG:A;;;
Malvalic acid;6VSB:A;;;
Malvalic acid;6VXX:A;;;
Malic acid;YP_009725307.1;;;
Malic acid;K4LC41_9BETC;;;
Malic acid;PLpro_SARS-CoV-2;;;
Malic acid;6LU7:A;;;
Malic acid;6M0J:A;;;
Malic acid;6LZG:A;;;
Malic acid;6VSB:A;;;
Malic acid;6VXX:A;;;
Maleic acid;YP_009725307.1;;;
Maleic acid;K4LC41_9BETC;;;
Maleic acid;PLpro_SARS-CoV-2;;;
Maleic acid;6LU7:A;;;
Maleic acid;6M0J:A;;;
Maleic acid;6LZG:A;;;
Maleic acid;6VSB:A;;;
Maleic acid;6VXX:A;;;
Magnoflorine;YP_009725307.1;;;
Magnoflorine;K4LC41_9BETC;;;
Magnoflorine;PLpro_SARS-CoV-2;;;
Magnoflorine;6LU7:A;;;
Magnoflorine;6M0J:A;;;
Magnoflorine;6LZG:A;;;
Magnoflorine;6VSB:A;;;
Magnoflorine;6VXX:A;;;
Maclurin;YP_009725307.1;;;
Maclurin;K4LC41_9BETC;;;
Maclurin;PLpro_SARS-CoV-2;;;
Maclurin;6LU7:A;;;
Maclurin;6M0J:A;;;
Maclurin;6LZG:A;;;
Maclurin;6VSB:A;;;
Maclurin;6VXX:A;;;
Lucidin;YP_009725307.1;;;
Lucidin;K4LC41_9BETC;;;
Lucidin;PLpro_SARS-CoV-2;;;
Lucidin;6LU7:A;;;
Lucidin;6M0J:A;;;
Lucidin;6LZG:A;;;
Lucidin;6VSB:A;;;
Lucidin;6VXX:A;;;
Lintetralin;YP_009725307.1;;;
Lintetralin;K4LC41_9BETC;;;
Lintetralin;PLpro_SARS-CoV-2;;;
Lintetralin;6LU7:A;;;
Lintetralin;6M0J:A;;;
Lintetralin;6LZG:A;;;
Lintetralin;6VSB:A;;;
Lintetralin;6VXX:A;;;
Linoleic acid;YP_009725307.1;;;
Linoleic acid;K4LC41_9BETC;;;
Linoleic acid;PLpro_SARS-CoV-2;;;
Linoleic acid;6LU7:A;;;
Linoleic acid;6M0J:A;;;
Linoleic acid;6LZG:A;;;
Linoleic acid;6VSB:A;;;
Linoleic acid;6VXX:A;;;
Linnanthin;YP_009725307.1;;;
Linnanthin;K4LC41_9BETC;;;
Linnanthin;PLpro_SARS-CoV-2;;;
Linnanthin;6LU7:A;;;
Linnanthin;6M0J:A;;;
Linnanthin;6LZG:A;;;
Linnanthin;6VSB:A;;;
Linnanthin;6VXX:A;;;
Linalool;YP_009725307.1;;;
Linalool;K4LC41_9BETC;;;
Linalool;PLpro_SARS-CoV-2;;;
Linalool;6LU7:A;;;
Linalool;6M0J:A;;;
Linalool;6LZG:A;;;
Linalool;6VSB:A;;;
Linalool;6VXX:A;;;
Linalool acetate;YP_009725307.1;;;
Linalool acetate;K4LC41_9BETC;;;
Linalool acetate;PLpro_SARS-CoV-2;;;
Linalool acetate;6LU7:A;;;
Linalool acetate;6M0J:A;;;
Linalool acetate;6LZG:A;;;
Linalool acetate;6VSB:A;;;
Linalool acetate;6VXX:A;;;
Limonene;YP_009725307.1;;;
Limonene;K4LC41_9BETC;;;
Limonene;PLpro_SARS-CoV-2;;;
Limonene;6LU7:A;;;
Limonene;6M0J:A;;;
Limonene;6LZG:A;;;
Limonene;6VSB:A;;;
Limonene;6VXX:A;;;
Andrographolide type 1;YP_009725307.1;;;
Andrographolide type 1;K4LC41_9BETC;;;
Andrographolide type 1;PLpro_SARS-CoV-2;;;
Andrographolide type 1;6LU7:A;;;
Andrographolide type 1;6M0J:A;;;
Andrographolide type 1;6LZG:A;;;
Andrographolide type 1;6VSB:A;;;
Andrographolide type 1;6VXX:A;;;
Andrographoside;YP_009725307.1;;;
Andrographoside;K4LC41_9BETC;;;
Andrographoside;PLpro_SARS-CoV-2;;;
Andrographoside;6LU7:A;;;
Andrographoside;6M0J:A;;;
Andrographoside;6LZG:A;;;
Andrographoside;6VSB:A;;;
Andrographoside;6VXX:A;;;
Andrographatoside;YP_009725307.1;;;
Andrographatoside;K4LC41_9BETC;;;
Andrographatoside;PLpro_SARS-CoV-2;;;
Andrographatoside;6LU7:A;;;
Andrographatoside;6M0J:A;;;
Andrographatoside;6LZG:A;;;
Andrographatoside;6VSB:A;;;
Andrographatoside;6VXX:A;;;
Andrograpanin;YP_009725307.1;;;
Andrograpanin;K4LC41_9BETC;;;
Andrograpanin;PLpro_SARS-CoV-2;;;
Andrograpanin;6LU7:A;;;
Andrograpanin;6M0J:A;;;
Andrograpanin;6LZG:A;;;
Andrograpanin;6VSB:A;;;
Andrograpanin;6VXX:A;;;
14-deoxyandrographoside;YP_009725307.1;;;
14-deoxyandrographoside;K4LC41_9BETC;;;
14-deoxyandrographoside;PLpro_SARS-CoV-2;;;
14-deoxyandrographoside;6LU7:A;;;
14-deoxyandrographoside;6M0J:A;;;
14-deoxyandrographoside;6LZG:A;;;
14-deoxyandrographoside;6VSB:A;;;
14-deoxyandrographoside;6VXX:A;;;
14-deoxy-11-oxoandrographolide;YP_009725307.1;;;
14-deoxy-11-oxoandrographolide;K4LC41_9BETC;;;
14-deoxy-11-oxoandrographolide;PLpro_SARS-CoV-2;;;
14-deoxy-11-oxoandrographolide;6LU7:A;;;
14-deoxy-11-oxoandrographolide;6M0J:A;;;
14-deoxy-11-oxoandrographolide;6LZG:A;;;
14-deoxy-11-oxoandrographolide;6VSB:A;;;
14-deoxy-11-oxoandrographolide;6VXX:A;;;
14-deoxy-11;12-didehydroandrographolide 2;YP_009725307.1;;
14-deoxy-11;12-didehydroandrographolide 2;K4LC41_9BETC;;
14-deoxy-11;12-didehydroandrographolide 2;PLpro_SARS-CoV-2;;
14-deoxy-11;12-didehydroandrographolide 2;6LU7:A;;
14-deoxy-11;12-didehydroandrographolide 2;6M0J:A;;
14-deoxy-11;12-didehydroandrographolide 2;6LZG:A;;
14-deoxy-11;12-didehydroandrographolide 2;6VSB:A;;
14-deoxy-11;12-didehydroandrographolide 2;6VXX:A;;
14-deoxy-11;12-didehydroandrographolide;YP_009725307.1;;
14-deoxy-11;12-didehydroandrographolide;K4LC41_9BETC;;
14-deoxy-11;12-didehydroandrographolide;PLpro_SARS-CoV-2;;
14-deoxy-11;12-didehydroandrographolide;6LU7:A;;
14-deoxy-11;12-didehydroandrographolide;6M0J:A;;
14-deoxy-11;12-didehydroandrographolide;6LZG:A;;
14-deoxy-11;12-didehydroandrographolide;6VSB:A;;
14-deoxy-11;12-didehydroandrographolide;6VXX:A;;
Anisaldehyde;YP_009725307.1;;;
Anisaldehyde;K4LC41_9BETC;;;
Anisaldehyde;PLpro_SARS-CoV-2;;;
Anisaldehyde;6LU7:A;;;
Anisaldehyde;6M0J:A;;;
Anisaldehyde;6LZG:A;;;
Anisaldehyde;6VSB:A;;;
Anisaldehyde;6VXX:A;;;
Ascorbic acid;YP_009725307.1;;;
Ascorbic acid;K4LC41_9BETC;;;
Ascorbic acid;PLpro_SARS-CoV-2;;;
Ascorbic acid;6LU7:A;;;
Ascorbic acid;6M0J:A;;;
Ascorbic acid;6LZG:A;;;
Ascorbic acid;6VSB:A;;;
Ascorbic acid;6VXX:A;;;
Caprylic acid;YP_009725307.1;;;
Caprylic acid;K4LC41_9BETC;;;
Caprylic acid;PLpro_SARS-CoV-2;;;
Caprylic acid;6LU7:A;;;
Caprylic acid;6M0J:A;;;
Caprylic acid;6LZG:A;;;
Caprylic acid;6VSB:A;;;
Caprylic acid;6VXX:A;;;
Citric acid;YP_009725307.1;;;
Citric acid;K4LC41_9BETC;;;
Citric acid;PLpro_SARS-CoV-2;;;
Citric acid;6LU7:A;;;
Citric acid;6M0J:A;;;
Citric acid;6LZG:A;;;
Citric acid;6VSB:A;;;
Citric acid;6VXX:A;;;
Cyanidin 3-glucoside;YP_009725307.1;;;
Cyanidin 3-glucoside;K4LC41_9BETC;;;
Cyanidin 3-glucoside;PLpro_SARS-CoV-2;;;
Cyanidin 3-glucoside;6LU7:A;;;
Cyanidin 3-glucoside;6M0J:A;;;
Cyanidin 3-glucoside;6LZG:A;;;
Cyanidin 3-glucoside;6VSB:A;;;
Cyanidin 3-glucoside;6VXX:A;;;
Cyanidin 3-xyloglucoside;YP_009725307.1;;;
Cyanidin 3-xyloglucoside;K4LC41_9BETC;;;
Cyanidin 3-xyloglucoside;PLpro_SARS-CoV-2;;;
Cyanidin 3-xyloglucoside;6LU7:A;;;
Cyanidin 3-xyloglucoside;6M0J:A;;;
Cyanidin 3-xyloglucoside;6LZG:A;;;
Cyanidin 3-xyloglucoside;6VSB:A;;;
Cyanidin 3-xyloglucoside;6VXX:A;;;
Cyanidin-3-sambubioside;YP_009725307.1;;;
Cyanidin-3-sambubioside;K4LC41_9BETC;;;
Cyanidin-3-sambubioside;PLpro_SARS-CoV-2;;;
Cyanidin-3-sambubioside;6LU7:A;;;
Cyanidin-3-sambubioside;6M0J:A;;;
Cyanidin-3-sambubioside;6LZG:A;;;
Cyanidin-3-sambubioside;6VSB:A;;;
Cyanidin-3-sambubioside;6VXX:A;;;
Delphinidin 3-sambubioside;YP_009725307.1;;;
Delphinidin 3-sambubioside;K4LC41_9BETC;;;
Delphinidin 3-sambubioside;PLpro_SARS-CoV-2;;;
Delphinidin 3-sambubioside;6LU7:A;;;
Delphinidin 3-sambubioside;6M0J:A;;;
Delphinidin 3-sambubioside;6LZG:A;;;
Delphinidin 3-sambubioside;6VSB:A;;;
Delphinidin 3-sambubioside;6VXX:A;;;
Delphinidin;YP_009725307.1;;;
Delphinidin;K4LC41_9BETC;;;
Delphinidin;PLpro_SARS-CoV-2;;;
Delphinidin;6LU7:A;;;
Delphinidin;6M0J:A;;;
Delphinidin;6LZG:A;;;
Delphinidin;6VSB:A;;;
Delphinidin;6VXX:A;;;
Delphinidin-3-glucoside;YP_009725307.1;;;
Delphinidin-3-glucoside;K4LC41_9BETC;;;
Delphinidin-3-glucoside;PLpro_SARS-CoV-2;;;
Delphinidin-3-glucoside;6LU7:A;;;
Delphinidin-3-glucoside;6M0J:A;;;
Delphinidin-3-glucoside;6LZG:A;;;
Delphinidin-3-glucoside;6VSB:A;;;
Delphinidin-3-glucoside;6VXX:A;;;
Delphinin;YP_009725307.1;;;
Delphinin;K4LC41_9BETC;;;
Delphinin;PLpro_SARS-CoV-2;;;
Delphinin;6LU7:A;;;
Delphinin;6M0J:A;;;
Delphinin;6LZG:A;;;
Delphinin;6VSB:A;;;
Delphinin;6VXX:A;;;
Formic acid;YP_009725307.1;;;
Formic acid;K4LC41_9BETC;;;
Formic acid;PLpro_SARS-CoV-2;;;
Formic acid;6LU7:A;;;
Formic acid;6M0J:A;;;
Formic acid;6LZG:A;;;
Formic acid;6VSB:A;;;
Formic acid;6VXX:A;;;
Glycolic acid;YP_009725307.1;;;
Glycolic acid;K4LC41_9BETC;;;
Glycolic acid;PLpro_SARS-CoV-2;;;
Glycolic acid;6LU7:A;;;
Glycolic acid;6M0J:A;;;
Glycolic acid;6LZG:A;;;
Glycolic acid;6VSB:A;;;
Glycolic acid;6VXX:A;;;
Gossypetin 3-glucoside;YP_009725307.1;;;
Gossypetin 3-glucoside;K4LC41_9BETC;;;
Gossypetin 3-glucoside;PLpro_SARS-CoV-2;;;
Gossypetin 3-glucoside;6LU7:A;;;
Gossypetin 3-glucoside;6M0J:A;;;
Gossypetin 3-glucoside;6LZG:A;;;
Gossypetin 3-glucoside;6VSB:A;;;
Gossypetin 3-glucoside;6VXX:A;;;
Gossypetin;YP_009725307.1;;;
Gossypetin;K4LC41_9BETC;;;
Gossypetin;PLpro_SARS-CoV-2;;;
Gossypetin;6LU7:A;;;
Gossypetin;6M0J:A;;;
Gossypetin;6LZG:A;;;
Gossypetin;6VSB:A;;;
Gossypetin;6VXX:A;;;
Hibiscetin;YP_009725307.1;;;
Hibiscetin;K4LC41_9BETC;;;
Hibiscetin;PLpro_SARS-CoV-2;;;
Hibiscetin;6LU7:A;;;
Hibiscetin;6M0J:A;;;
Hibiscetin;6LZG:A;;;
Hibiscetin;6VSB:A;;;
Hibiscetin;6VXX:A;;;
Hibiscus acid;YP_009725307.1;;;
Hibiscus acid;K4LC41_9BETC;;;
Hibiscus acid;PLpro_SARS-CoV-2;;;
Hibiscus acid;6LU7:A;;;
Hibiscus acid;6M0J:A;;;
Hibiscus acid;6LZG:A;;;
Hibiscus acid;6VSB:A;;;
Hibiscus acid;6VXX:A;;;
Blumenol a;YP_009725307.1;;;
Blumenol a;K4LC41_9BETC;;;
Blumenol a;PLpro_SARS-CoV-2;;;
Blumenol a;6LU7:A;;;
Blumenol a;6M0J:A;;;
Blumenol a;6LZG:A;;;
Blumenol a;6VSB:A;;;
Blumenol a;6VXX:A;;;
Blumenol b;YP_009725307.1;;;
Blumenol b;K4LC41_9BETC;;;
Blumenol b;PLpro_SARS-CoV-2;;;
Blumenol b;6LU7:A;;;
Blumenol b;6M0J:A;;;
Blumenol b;6LZG:A;;;
Blumenol b;6VSB:A;;;
Blumenol b;6VXX:A;;;
Ligan library pare;YP_009725307.1;;;
Ligan library pare;K4LC41_9BETC;;;
Ligan library pare;PLpro_SARS-CoV-2;;;
Ligan library pare;6LU7:A;;;
Ligan library pare;6M0J:A;;;
Ligan library pare;6LZG:A;;;
Ligan library pare;6VSB:A;;;
Ligan library pare;6VXX:A;;;
1;6-digalloyl-glucopyranoside;YP_009725307.1;;
1;6-digalloyl-glucopyranoside;K4LC41_9BETC;;
1;6-digalloyl-glucopyranoside;PLpro_SARS-CoV-2;;
1;6-digalloyl-glucopyranoside;6LU7:A;;
1;6-digalloyl-glucopyranoside;6M0J:A;;
1;6-digalloyl-glucopyranoside;6LZG:A;;
1;6-digalloyl-glucopyranoside;6VSB:A;;
1;6-digalloyl-glucopyranoside;6VXX:A;;
2;3-desmethoxy seco-isolintetralin diacetate;YP_009725307.1;;
2;3-desmethoxy seco-isolintetralin diacetate;K4LC41_9BETC;;
2;3-desmethoxy seco-isolintetralin diacetate;PLpro_SARS-CoV-2;;
2;3-desmethoxy seco-isolintetralin diacetate;6LU7:A;;
2;3-desmethoxy seco-isolintetralin diacetate;6M0J:A;;
2;3-desmethoxy seco-isolintetralin diacetate;6LZG:A;;
2;3-desmethoxy seco-isolintetralin diacetate;6VSB:A;;
2;3-desmethoxy seco-isolintetralin diacetate;6VXX:A;;
2;3-desmethoxy seco-isolintetralin;YP_009725307.1;;
2;3-desmethoxy seco-isolintetralin;K4LC41_9BETC;;
2;3-desmethoxy seco-isolintetralin;PLpro_SARS-CoV-2;;
2;3-desmethoxy seco-isolintetralin;6LU7:A;;
2;3-desmethoxy seco-isolintetralin;6M0J:A;;
2;3-desmethoxy seco-isolintetralin;6LZG:A;;
2;3-desmethoxy seco-isolintetralin;6VSB:A;;
2;3-desmethoxy seco-isolintetralin;6VXX:A;;
4-methoxy-nor securin;YP_009725307.1;;;
4-methoxy-nor securin;K4LC41_9BETC;;;
4-methoxy-nor securin;PLpro_SARS-CoV-2;;;
4-methoxy-nor securin;6LU7:A;;;
4-methoxy-nor securin;6M0J:A;;;
4-methoxy-nor securin;6LZG:A;;;
4-methoxy-nor securin;6VSB:A;;;
4-methoxy-nor securin;6VXX:A;;;
24-isopropyl cholesterol;YP_009725307.1;;;
24-isopropyl cholesterol;K4LC41_9BETC;;;
24-isopropyl cholesterol;PLpro_SARS-CoV-2;;;
24-isopropyl cholesterol;6LU7:A;;;
24-isopropyl cholesterol;6M0J:A;;;
24-isopropyl cholesterol;6LZG:A;;;
24-isopropyl cholesterol;6VSB:A;;;
24-isopropyl cholesterol;6VXX:A;;;
Amariin;YP_009725307.1;;;
Amariin;K4LC41_9BETC;;;
Amariin;PLpro_SARS-CoV-2;;;
Amariin;6LU7:A;;;
Amariin;6M0J:A;;;
Amariin;6LZG:A;;;
Amariin;6VSB:A;;;
Amariin;6VXX:A;;;
Amarulone;YP_009725307.1;;;
Amarulone;K4LC41_9BETC;;;
Amarulone;PLpro_SARS-CoV-2;;;
Amarulone;6LU7:A;;;
Amarulone;6M0J:A;;;
Amarulone;6LZG:A;;;
Amarulone;6VSB:A;;;
Amarulone;6VXX:A;;;
Astragalin;YP_009725307.1;;;
Astragalin;K4LC41_9BETC;;;
Astragalin;PLpro_SARS-CoV-2;;;
Astragalin;6LU7:A;;;
Astragalin;6M0J:A;;;
Astragalin;6LZG:A;;;
Astragalin;6VSB:A;;;
Astragalin;6VXX:A;;;
Beta sitosterol;YP_009725307.1;;;
Beta sitosterol;K4LC41_9BETC;;;
Beta sitosterol;PLpro_SARS-CoV-2;;;
Beta sitosterol;6LU7:A;;;
Beta sitosterol;6M0J:A;;;
Beta sitosterol;6LZG:A;;;
Beta sitosterol;6VSB:A;;;
Beta sitosterol;6VXX:A;;;
Brevifolin carboxylic acid;YP_009725307.1;;;
Brevifolin carboxylic acid;K4LC41_9BETC;;;
Brevifolin carboxylic acid;PLpro_SARS-CoV-2;;;
Brevifolin carboxylic acid;6LU7:A;;;
Brevifolin carboxylic acid;6M0J:A;;;
Brevifolin carboxylic acid;6LZG:A;;;
Brevifolin carboxylic acid;6VSB:A;;;
Brevifolin carboxylic acid;6VXX:A;;;
Corilagin;YP_009725307.1;;;
Corilagin;K4LC41_9BETC;;;
Corilagin;PLpro_SARS-CoV-2;;;
Corilagin;6LU7:A;;;
Corilagin;6M0J:A;;;
Corilagin;6LZG:A;;;
Corilagin;6VSB:A;;;
Corilagin;6VXX:A;;;
Cathecin;YP_009725307.1;;;
Cathecin;K4LC41_9BETC;;;
Cathecin;PLpro_SARS-CoV-2;;;
Cathecin;6LU7:A;;;
Cathecin;6M0J:A;;;
Cathecin;6LZG:A;;;
Cathecin;6VSB:A;;;
Cathecin;6VXX:A;;;
Demethylene dioxy niranthin;YP_009725307.1;;;
Demethylene dioxy niranthin;K4LC41_9BETC;;;
Demethylene dioxy niranthin;PLpro_SARS-CoV-2;;;
Demethylene dioxy niranthin;6LU7:A;;;
Demethylene dioxy niranthin;6M0J:A;;;
Demethylene dioxy niranthin;6LZG:A;;;
Demethylene dioxy niranthin;6VSB:A;;;
Demethylene dioxy niranthin;6VXX:A;;;
Dibenzylbutyrolactone;YP_009725307.1;;;
Dibenzylbutyrolactone;K4LC41_9BETC;;;
Dibenzylbutyrolactone;PLpro_SARS-CoV-2;;;
Dibenzylbutyrolactone;6LU7:A;;;
Dibenzylbutyrolactone;6M0J:A;;;
Dibenzylbutyrolactone;6LZG:A;;;
Dibenzylbutyrolactone;6VSB:A;;;
Dibenzylbutyrolactone;6VXX:A;;;
Ellagic acid;YP_009725307.1;;;
Ellagic acid;K4LC41_9BETC;;;
Ellagic acid;PLpro_SARS-CoV-2;;;
Ellagic acid;6LU7:A;;;
Ellagic acid;6M0J:A;;;
Ellagic acid;6LZG:A;;;
Ellagic acid;6VSB:A;;;
Ellagic acid;6VXX:A;;;
Epicathecin 3-o-gallate;YP_009725307.1;;;
Epicathecin 3-o-gallate;K4LC41_9BETC;;;
Epicathecin 3-o-gallate;PLpro_SARS-CoV-2;;;
Epicathecin 3-o-gallate;6LU7:A;;;
Epicathecin 3-o-gallate;6M0J:A;;;
Epicathecin 3-o-gallate;6LZG:A;;;
Epicathecin 3-o-gallate;6VSB:A;;;
Epicathecin 3-o-gallate;6VXX:A;;;
Epicathecin;YP_009725307.1;;;
Epicathecin;K4LC41_9BETC;;;
Epicathecin;PLpro_SARS-CoV-2;;;
Epicathecin;6LU7:A;;;
Epicathecin;6M0J:A;;;
Epicathecin;6LZG:A;;;
Epicathecin;6VSB:A;;;
Epicathecin;6VXX:A;;;
Epigallocathecin 3-o-gallate;YP_009725307.1;;;
Epigallocathecin 3-o-gallate;K4LC41_9BETC;;;
Epigallocathecin 3-o-gallate;PLpro_SARS-CoV-2;;;
Epigallocathecin 3-o-gallate;6LU7:A;;;
Epigallocathecin 3-o-gallate;6M0J:A;;;
Epigallocathecin 3-o-gallate;6LZG:A;;;
Epigallocathecin 3-o-gallate;6VSB:A;;;
Epigallocathecin 3-o-gallate;6VXX:A;;;
Epigallocathecin;YP_009725307.1;;;
Epigallocathecin;K4LC41_9BETC;;;
Epigallocathecin;PLpro_SARS-CoV-2;;;
Epigallocathecin;6LU7:A;;;
Epigallocathecin;6M0J:A;;;
Epigallocathecin;6LZG:A;;;
Epigallocathecin;6VSB:A;;;
Epigallocathecin;6VXX:A;;;
Estradiol;YP_009725307.1;;;
Estradiol;K4LC41_9BETC;;;
Estradiol;PLpro_SARS-CoV-2;;;
Estradiol;6LU7:A;;;
Estradiol;6M0J:A;;;
Estradiol;6LZG:A;;;
Estradiol;6VSB:A;;;
Estradiol;6VXX:A;;;
Ethyl brevifolin carboxylic acid;YP_009725307.1;;;
Ethyl brevifolin carboxylic acid;K4LC41_9BETC;;;
Ethyl brevifolin carboxylic acid;PLpro_SARS-CoV-2;;;
Ethyl brevifolin carboxylic acid;6LU7:A;;;
Ethyl brevifolin carboxylic acid;6M0J:A;;;
Ethyl brevifolin carboxylic acid;6LZG:A;;;
Ethyl brevifolin carboxylic acid;6VSB:A;;;
Ethyl brevifolin carboxylic acid;6VXX:A;;;
Fisetin;YP_009725307.1;;;
Fisetin;K4LC41_9BETC;;;
Fisetin;PLpro_SARS-CoV-2;;;
Fisetin;6LU7:A;;;
Fisetin;6M0J:A;;;
Fisetin;6LZG:A;;;
Fisetin;6VSB:A;;;
Fisetin;6VXX:A;;;
Furosin;YP_009725307.1;;;
Furosin;K4LC41_9BETC;;;
Furosin;PLpro_SARS-CoV-2;;;
Furosin;6LU7:A;;;
Furosin;6M0J:A;;;
Furosin;6LZG:A;;;
Furosin;6VSB:A;;;
Furosin;6VXX:A;;;
Gallic acid;YP_009725307.1;;;
Gallic acid;K4LC41_9BETC;;;
Gallic acid;PLpro_SARS-CoV-2;;;
Gallic acid;6LU7:A;;;
Gallic acid;6M0J:A;;;
Gallic acid;6LZG:A;;;
Gallic acid;6VSB:A;;;
Gallic acid;6VXX:A;;;
Gallocathecin;YP_009725307.1;;;
Gallocathecin;K4LC41_9BETC;;;
Gallocathecin;PLpro_SARS-CoV-2;;;
Gallocathecin;6LU7:A;;;
Gallocathecin;6M0J:A;;;
Gallocathecin;6LZG:A;;;
Gallocathecin;6VSB:A;;;
Gallocathecin;6VXX:A;;;
Geranin a;YP_009725307.1;;;
Geranin a;K4LC41_9BETC;;;
Geranin a;PLpro_SARS-CoV-2;;;
Geranin a;6LU7:A;;;
Geranin a;6M0J:A;;;
Geranin a;6LZG:A;;;
Geranin a;6VSB:A;;;
Geranin a;6VXX:A;;;
Geranin b;YP_009725307.1;;;
Geranin b;K4LC41_9BETC;;;
Geranin b;PLpro_SARS-CoV-2;;;
Geranin b;6LU7:A;;;
Geranin b;6M0J:A;;;
Geranin b;6LZG:A;;;
Geranin b;6VSB:A;;;
Geranin b;6VXX:A;;;
Hinokinin;YP_009725307.1;;;
Hinokinin;K4LC41_9BETC;;;
Hinokinin;PLpro_SARS-CoV-2;;;
Hinokinin;6LU7:A;;;
Hinokinin;6M0J:A;;;
Hinokinin;6LZG:A;;;
Hinokinin;6VSB:A;;;
Hinokinin;6VXX:A;;;
Hipophyllanthin;YP_009725307.1;;;
Hipophyllanthin;K4LC41_9BETC;;;
Hipophyllanthin;PLpro_SARS-CoV-2;;;
Hipophyllanthin;6LU7:A;;;
Hipophyllanthin;6M0J:A;;;
Hipophyllanthin;6LZG:A;;;
Hipophyllanthin;6VSB:A;;;
Hipophyllanthin;6VXX:A;;;
Hydroxy nirathin;YP_009725307.1;;;
Hydroxy nirathin;K4LC41_9BETC;;;
Hydroxy nirathin;PLpro_SARS-CoV-2;;;
Hydroxy nirathin;6LU7:A;;;
Hydroxy nirathin;6M0J:A;;;
Hydroxy nirathin;6LZG:A;;;
Hydroxy nirathin;6VSB:A;;;
Hydroxy nirathin;6VXX:A;;;
Isolintetralin;YP_009725307.1;;;
Isolintetralin;K4LC41_9BETC;;;
Isolintetralin;PLpro_SARS-CoV-2;;;
Isolintetralin;6LU7:A;;;
Isolintetralin;6M0J:A;;;
Isolintetralin;6LZG:A;;;
Isolintetralin;6VSB:A;;;
Isolintetralin;6VXX:A;;;
Isoquercetrin;YP_009725307.1;;;
Isoquercetrin;K4LC41_9BETC;;;
Isoquercetrin;PLpro_SARS-CoV-2;;;
Isoquercetrin;6LU7:A;;;
Isoquercetrin;6M0J:A;;;
Isoquercetrin;6LZG:A;;;
Isoquercetrin;6VSB:A;;;
Isoquercetrin;6VXX:A;;;
1;3-dihydroxy-6-methyl-anthraquinone;YP_009725307.1;;
1;3-dihydroxy-6-methyl-anthraquinone;K4LC41_9BETC;;
1;3-dihydroxy-6-methyl-anthraquinone;PLpro_SARS-CoV-2;;
1;3-dihydroxy-6-methyl-anthraquinone;6LU7:A;;
1;3-dihydroxy-6-methyl-anthraquinone;6M0J:A;;
1;3-dihydroxy-6-methyl-anthraquinone;6LZG:A;;
1;3-dihydroxy-6-methyl-anthraquinone;6VSB:A;;
1;3-dihydroxy-6-methyl-anthraquinone;6VXX:A;;
2-methyl-3;5;6-trihydroxyanthraquinone;YP_009725307.1;
2-methyl-3;5;6-trihydroxyanthraquinone;K4LC41_9BETC;
2-methyl-3;5;6-trihydroxyanthraquinone;PLpro_SARS-CoV-2;
2-methyl-3;5;6-trihydroxyanthraquinone;6LU7:A;
2-methyl-3;5;6-trihydroxyanthraquinone;6M0J:A;
2-methyl-3;5;6-trihydroxyanthraquinone;6LZG:A;
2-methyl-3;5;6-trihydroxyanthraquinone;6VSB:A;
2-methyl-3;5;6-trihydroxyanthraquinone;6VXX:A;
2-methyl-4-hydroxy-5;7-dimethylanthraquinone;YP_009725307.1;;
2-methyl-4-hydroxy-5;7-dimethylanthraquinone;K4LC41_9BETC;;
2-methyl-4-hydroxy-5;7-dimethylanthraquinone;PLpro_SARS-CoV-2;;
2-methyl-4-hydroxy-5;7-dimethylanthraquinone;6LU7:A;;
2-methyl-4-hydroxy-5;7-dimethylanthraquinone;6M0J:A;;
2-methyl-4-hydroxy-5;7-dimethylanthraquinone;6LZG:A;;
2-methyl-4-hydroxy-5;7-dimethylanthraquinone;6VSB:A;;
2-methyl-4-hydroxy-5;7-dimethylanthraquinone;6VXX:A;;
3-hydroxymorindone;YP_009725307.1;;;
3-hydroxymorindone;K4LC41_9BETC;;;
3-hydroxymorindone;PLpro_SARS-CoV-2;;;
3-hydroxymorindone;6LU7:A;;;
3-hydroxymorindone;6M0J:A;;;
3-hydroxymorindone;6LZG:A;;;
3-hydroxymorindone;6VSB:A;;;
3-hydroxymorindone;6VXX:A;;;
5;6-dihydroxylucidin;YP_009725307.1;;
5;6-dihydroxylucidin;K4LC41_9BETC;;
5;6-dihydroxylucidin;PLpro_SARS-CoV-2;;
5;6-dihydroxylucidin;6LU7:A;;
5;6-dihydroxylucidin;6M0J:A;;
5;6-dihydroxylucidin;6LZG:A;;
5;6-dihydroxylucidin;6VSB:A;;
5;6-dihydroxylucidin;6VXX:A;;
8-hydroxy-8-methoxy-2-methyl-anthraquinone;YP_009725307.1;;;
8-hydroxy-8-methoxy-2-methyl-anthraquinone;K4LC41_9BETC;;;
8-hydroxy-8-methoxy-2-methyl-anthraquinone;PLpro_SARS-CoV-2;;;
8-hydroxy-8-methoxy-2-methyl-anthraquinone;6LU7:A;;;
8-hydroxy-8-methoxy-2-methyl-anthraquinone;6M0J:A;;;
8-hydroxy-8-methoxy-2-methyl-anthraquinone;6LZG:A;;;
8-hydroxy-8-methoxy-2-methyl-anthraquinone;6VSB:A;;;
8-hydroxy-8-methoxy-2-methyl-anthraquinone;6VXX:A;;;
Alizarin;YP_009725307.1;;;
Alizarin;K4LC41_9BETC;;;
Alizarin;PLpro_SARS-CoV-2;;;
Alizarin;6LU7:A;;;
Alizarin;6M0J:A;;;
Alizarin;6LZG:A;;;
Alizarin;6VSB:A;;;
Alizarin;6VXX:A;;;
Aracetin;YP_009725307.1;;;
Aracetin;K4LC41_9BETC;;;
Aracetin;PLpro_SARS-CoV-2;;;
Aracetin;6LU7:A;;;
Aracetin;6M0J:A;;;
Aracetin;6LZG:A;;;
Aracetin;6VSB:A;;;
Aracetin;6VXX:A;;;
Asperuloside tetraacetate;YP_009725307.1;;;
Asperuloside tetraacetate;K4LC41_9BETC;;;
Asperuloside tetraacetate;PLpro_SARS-CoV-2;;;
Asperuloside tetraacetate;6LU7:A;;;
Asperuloside tetraacetate;6M0J:A;;;
Asperuloside tetraacetate;6LZG:A;;;
Asperuloside tetraacetate;6VSB:A;;;
Asperuloside tetraacetate;6VXX:A;;;
Asperulosidic acid;YP_009725307.1;;;
Asperulosidic acid;K4LC41_9BETC;;;
Asperulosidic acid;PLpro_SARS-CoV-2;;;
Asperulosidic acid;6LU7:A;;;
Asperulosidic acid;6M0J:A;;;
Asperulosidic acid;6LZG:A;;;
Asperulosidic acid;6VSB:A;;;
Asperulosidic acid;6VXX:A;;;
Aucubin;YP_009725307.1;;;
Aucubin;K4LC41_9BETC;;;
Aucubin;PLpro_SARS-CoV-2;;;
Aucubin;6LU7:A;;;
Aucubin;6M0J:A;;;
Aucubin;6LZG:A;;;
Aucubin;6VSB:A;;;
Aucubin;6VXX:A;;;
Caproic acid;YP_009725307.1;;;
Caproic acid;K4LC41_9BETC;;;
Caproic acid;PLpro_SARS-CoV-2;;;
Caproic acid;6LU7:A;;;
Caproic acid;6M0J:A;;;
Caproic acid;6LZG:A;;;
Caproic acid;6VSB:A;;;
Caproic acid;6VXX:A;;;
Citrifolinoside;YP_009725307.1;;;
Citrifolinoside;K4LC41_9BETC;;;
Citrifolinoside;PLpro_SARS-CoV-2;;;
Citrifolinoside;6LU7:A;;;
Citrifolinoside;6M0J:A;;;
Citrifolinoside;6LZG:A;;;
Citrifolinoside;6VSB:A;;;
Citrifolinoside;6VXX:A;;;
Damnacanthal;YP_009725307.1;;;
Damnacanthal;K4LC41_9BETC;;;
Damnacanthal;PLpro_SARS-CoV-2;;;
Damnacanthal;6LU7:A;;;
Damnacanthal;6M0J:A;;;
Damnacanthal;6LZG:A;;;
Damnacanthal;6VSB:A;;;
Damnacanthal;6VXX:A;;;
Ethyl caproate;YP_009725307.1;;;
Ethyl caproate;K4LC41_9BETC;;;
Ethyl caproate;PLpro_SARS-CoV-2;;;
Ethyl caproate;6LU7:A;;;
Ethyl caproate;6M0J:A;;;
Ethyl caproate;6LZG:A;;;
Ethyl caproate;6VSB:A;;;
Ethyl caproate;6VXX:A;;;
Ethyl caprylate;YP_009725307.1;;;
Ethyl caprylate;K4LC41_9BETC;;;
Ethyl caprylate;PLpro_SARS-CoV-2;;;
Ethyl caprylate;6LU7:A;;;
Ethyl caprylate;6M0J:A;;;
Ethyl caprylate;6LZG:A;;;
Ethyl caprylate;6VSB:A;;;
Ethyl caprylate;6VXX:A;;;
Quercetin;YP_009725307.1;;;
Quercetin;K4LC41_9BETC;;;
Quercetin;PLpro_SARS-CoV-2;;;
Quercetin;6LU7:A;;;
Quercetin;6M0J:A;;;
Quercetin;6LZG:A;;;
Quercetin;6VSB:A;;;
Quercetin;6VXX:A;;;
Epicatechin;YP_009725307.1;;;
Epicatechin;K4LC41_9BETC;;;
Epicatechin;PLpro_SARS-CoV-2;;;
Epicatechin;6LU7:A;;;
Epicatechin;6M0J:A;;;
Epicatechin;6LZG:A;;;
Epicatechin;6VSB:A;;;
Epicatechin;6VXX:A;;;
Kaempferol 3-o-alpha-l-rhamnopyranoside/afzelin;YP_009725307.1;;;
Kaempferol 3-o-alpha-l-rhamnopyranoside/afzelin;K4LC41_9BETC;;;
Kaempferol 3-o-alpha-l-rhamnopyranoside/afzelin;PLpro_SARS-CoV-2;;;
Kaempferol 3-o-alpha-l-rhamnopyranoside/afzelin;6LU7:A;;;
Kaempferol 3-o-alpha-l-rhamnopyranoside/afzelin;6M0J:A;;;
Kaempferol 3-o-alpha-l-rhamnopyranoside/afzelin;6LZG:A;;;
Kaempferol 3-o-alpha-l-rhamnopyranoside/afzelin;6VSB:A;;;
Kaempferol 3-o-alpha-l-rhamnopyranoside/afzelin;6VXX:A;;;
Stigmasterol-3-o-glucoside;YP_009725307.1;;;
Stigmasterol-3-o-glucoside;K4LC41_9BETC;;;
Stigmasterol-3-o-glucoside;PLpro_SARS-CoV-2;;;
Stigmasterol-3-o-glucoside;6LU7:A;;;
Stigmasterol-3-o-glucoside;6M0J:A;;;
Stigmasterol-3-o-glucoside;6LZG:A;;;
Stigmasterol-3-o-glucoside;6VSB:A;;;
Stigmasterol-3-o-glucoside;6VXX:A;;;
(3beta;23e)-3-hydroxy-27-norcycloart-23-en-25-one;YP_009725307.1;;
(3beta;23e)-3-hydroxy-27-norcycloart-23-en-25-one;K4LC41_9BETC;;
(3beta;23e)-3-hydroxy-27-norcycloart-23-en-25-one;PLpro_SARS-CoV-2;;
(3beta;23e)-3-hydroxy-27-norcycloart-23-en-25-one;6LU7:A;;
(3beta;23e)-3-hydroxy-27-norcycloart-23-en-25-one;6M0J:A;;
(3beta;23e)-3-hydroxy-27-norcycloart-23-en-25-one;6LZG:A;;
(3beta;23e)-3-hydroxy-27-norcycloart-23-en-25-one;6VSB:A;;
(3beta;23e)-3-hydroxy-27-norcycloart-23-en-25-one;6VXX:A;;
1;3;8-trihydroxy-4-methyl-2;7-diprenylxanthone;YP_009725307.1
1;3;8-trihydroxy-4-methyl-2;7-diprenylxanthone;K4LC41_9BETC
1;3;8-trihydroxy-4-methyl-2;7-diprenylxanthone;PLpro_SARS-CoV-2
1;3;8-trihydroxy-4-methyl-2;7-diprenylxanthone;6LU7:A
1;3;8-trihydroxy-4-methyl-2;7-diprenylxanthone;6M0J:A
1;3;8-trihydroxy-4-methyl-2;7-diprenylxanthone;6LZG:A
1;3;8-trihydroxy-4-methyl-2;7-diprenylxanthone;6VSB:A
1;3;8-trihydroxy-4-methyl-2;7-diprenylxanthone;6VXX:A
1;3-dihydroxy-6;7-dimethoxy-2-(2-hydroxy-3-methyl-3-butenyl)-8-(3-methyl-2-butenyl)-xanthone;YP_009725307.1;
1;3-dihydroxy-6;7-dimethoxy-2-(2-hydroxy-3-methyl-3-butenyl)-8-(3-methyl-2-butenyl)-xanthone;K4LC41_9BETC;
1;3-dihydroxy-6;7-dimethoxy-2-(2-hydroxy-3-methyl-3-butenyl)-8-(3-methyl-2-butenyl)-xanthone;PLpro_SARS-CoV-2;
1;3-dihydroxy-6;7-dimethoxy-2-(2-hydroxy-3-methyl-3-butenyl)-8-(3-methyl-2-butenyl)-xanthone;6LU7:A;
1;3-dihydroxy-6;7-dimethoxy-2-(2-hydroxy-3-methyl-3-butenyl)-8-(3-methyl-2-butenyl)-xanthone;6M0J:A;
1;3-dihydroxy-6;7-dimethoxy-2-(2-hydroxy-3-methyl-3-butenyl)-8-(3-methyl-2-butenyl)-xanthone;6LZG:A;
1;3-dihydroxy-6;7-dimethoxy-2-(2-hydroxy-3-methyl-3-butenyl)-8-(3-methyl-2-butenyl)-xanthone;6VSB:A;
1;3-dihydroxy-6;7-dimethoxy-2-(2-hydroxy-3-methyl-3-butenyl)-8-(3-methyl-2-butenyl)-xanthone;6VXX:A;
1;5;8-trihydroxy-3-methyl-2-prenylxanthone;YP_009725307.1;
1;5;8-trihydroxy-3-methyl-2-prenylxanthone;K4LC41_9BETC;
1;5;8-trihydroxy-3-methyl-2-prenylxanthone;PLpro_SARS-CoV-2;
1;5;8-trihydroxy-3-methyl-2-prenylxanthone;6LU7:A;
1;5;8-trihydroxy-3-methyl-2-prenylxanthone;6M0J:A;
1;5;8-trihydroxy-3-methyl-2-prenylxanthone;6LZG:A;
1;5;8-trihydroxy-3-methyl-2-prenylxanthone;6VSB:A;
1;5;8-trihydroxy-3-methyl-2-prenylxanthone;6VXX:A;
1;5-dihydroxy-3-methoxy-2-prenylxanthone;YP_009725307.1;;
1;5-dihydroxy-3-methoxy-2-prenylxanthone;K4LC41_9BETC;;
1;5-dihydroxy-3-methoxy-2-prenylxanthone;PLpro_SARS-CoV-2;;
1;5-dihydroxy-3-methoxy-2-prenylxanthone;6LU7:A;;
1;5-dihydroxy-3-methoxy-2-prenylxanthone;6M0J:A;;
1;5-dihydroxy-3-methoxy-2-prenylxanthone;6LZG:A;;
1;5-dihydroxy-3-methoxy-2-prenylxanthone;6VSB:A;;
1;5-dihydroxy-3-methoxy-2-prenylxanthone;6VXX:A;;
1;6-dihydroxy-3;7-dimethoxy-2-(2-hydroxy-3-methyl-3-butenyl)-8-(3-methyl-2-butenyl)-xanthone;YP_009725307.1;
1;6-dihydroxy-3;7-dimethoxy-2-(2-hydroxy-3-methyl-3-butenyl)-8-(3-methyl-2-butenyl)-xanthone;K4LC41_9BETC;
1;6-dihydroxy-3;7-dimethoxy-2-(2-hydroxy-3-methyl-3-butenyl)-8-(3-methyl-2-butenyl)-xanthone;PLpro_SARS-CoV-2;
1;6-dihydroxy-3;7-dimethoxy-2-(2-hydroxy-3-methyl-3-butenyl)-8-(3-methyl-2-butenyl)-xanthone;6LU7:A;
1;6-dihydroxy-3;7-dimethoxy-2-(2-hydroxy-3-methyl-3-butenyl)-8-(3-methyl-2-butenyl)-xanthone;6M0J:A;
1;6-dihydroxy-3;7-dimethoxy-2-(2-hydroxy-3-methyl-3-butenyl)-8-(3-methyl-2-butenyl)-xanthone;6LZG:A;
1;6-dihydroxy-3;7-dimethoxy-2-(2-hydroxy-3-methyl-3-butenyl)-8-(3-methyl-2-butenyl)-xanthone;6VSB:A;
1;6-dihydroxy-3;7-dimethoxy-2-(2-hydroxy-3-methyl-3-butenyl)-8-(3-methyl-2-butenyl)-xanthone;6VXX:A;
1;6-dihydroxy-3;7-dimethoxy-2-(3-methyl-2-butenyl)-8-(2-hydroxy-3-methyl-3-butenyl)-xanthone;YP_009725307.1;
1;6-dihydroxy-3;7-dimethoxy-2-(3-methyl-2-butenyl)-8-(2-hydroxy-3-methyl-3-butenyl)-xanthone;K4LC41_9BETC;
1;6-dihydroxy-3;7-dimethoxy-2-(3-methyl-2-butenyl)-8-(2-hydroxy-3-methyl-3-butenyl)-xanthone;PLpro_SARS-CoV-2;
1;6-dihydroxy-3;7-dimethoxy-2-(3-methyl-2-butenyl)-8-(2-hydroxy-3-methyl-3-butenyl)-xanthone;6LU7:A;
1;6-dihydroxy-3;7-dimethoxy-2-(3-methyl-2-butenyl)-8-(2-hydroxy-3-methyl-3-butenyl)-xanthone;6M0J:A;
1;6-dihydroxy-3;7-dimethoxy-2-(3-methyl-2-butenyl)-8-(2-hydroxy-3-methyl-3-butenyl)-xanthone;6LZG:A;
1;6-dihydroxy-3;7-dimethoxy-2-(3-methyl-2-butenyl)-8-(2-hydroxy-3-methyl-3-butenyl)-xanthone;6VSB:A;
1;6-dihydroxy-3;7-dimethoxy-2-(3-methyl-2-butenyl)-8-(2-hydroxy-3-methyl-3-butenyl)-xanthone;6VXX:A;
1;6-dihydroxy-3;7-dimethoxy-2-(3-methyl-2-butenyl)-8-(2-oxo-3-methyl-3-butenyl)-xanthone;YP_009725307.1;
1;6-dihydroxy-3;7-dimethoxy-2-(3-methyl-2-butenyl)-8-(2-oxo-3-methyl-3-butenyl)-xanthone;K4LC41_9BETC;
1;6-dihydroxy-3;7-dimethoxy-2-(3-methyl-2-butenyl)-8-(2-oxo-3-methyl-3-butenyl)-xanthone;PLpro_SARS-CoV-2;
1;6-dihydroxy-3;7-dimethoxy-2-(3-methyl-2-butenyl)-8-(2-oxo-3-methyl-3-butenyl)-xanthone;6LU7:A;
1;6-dihydroxy-3;7-dimethoxy-2-(3-methyl-2-butenyl)-8-(2-oxo-3-methyl-3-butenyl)-xanthone;6M0J:A;
1;6-dihydroxy-3;7-dimethoxy-2-(3-methyl-2-butenyl)-8-(2-oxo-3-methyl-3-butenyl)-xanthone;6LZG:A;
1;6-dihydroxy-3;7-dimethoxy-2-(3-methyl-2-butenyl)-8-(2-oxo-3-methyl-3-butenyl)-xanthone;6VSB:A;
1;6-dihydroxy-3;7-dimethoxy-2-(3-methyl-2-butenyl)-8-(2-oxo-3-methyl-3-butenyl)-xanthone;6VXX:A;
1;6-dihydroxy-3;7-dimethoxy-2-(3-methyl-2-butenyl)-8-(3-hydroxy-3-methyl-1e-butenyl)-xanthone;YP_009725307.1;
1;6-dihydroxy-3;7-dimethoxy-2-(3-methyl-2-butenyl)-8-(3-hydroxy-3-methyl-1e-butenyl)-xanthone;K4LC41_9BETC;
1;6-dihydroxy-3;7-dimethoxy-2-(3-methyl-2-butenyl)-8-(3-hydroxy-3-methyl-1e-butenyl)-xanthone;PLpro_SARS-CoV-2;
1;6-dihydroxy-3;7-dimethoxy-2-(3-methyl-2-butenyl)-8-(3-hydroxy-3-methyl-1e-butenyl)-xanthone;6LU7:A;
1;6-dihydroxy-3;7-dimethoxy-2-(3-methyl-2-butenyl)-8-(3-hydroxy-3-methyl-1e-butenyl)-xanthone;6M0J:A;
1;6-dihydroxy-3;7-dimethoxy-2-(3-methyl-2-butenyl)-8-(3-hydroxy-3-methyl-1e-butenyl)-xanthone;6LZG:A;
1;6-dihydroxy-3;7-dimethoxy-2-(3-methyl-2-butenyl)-8-(3-hydroxy-3-methyl-1e-butenyl)-xanthone;6VSB:A;
1;6-dihydroxy-3;7-dimethoxy-2-(3-methyl-2-butenyl)-8-(3-hydroxy-3-methyl-1e-butenyl)-xanthone;6VXX:A;
1;6-dihydroxy-3-methoxy-2-prenylxanthone;YP_009725307.1;;
1;6-dihydroxy-3-methoxy-2-prenylxanthone;K4LC41_9BETC;;
1;6-dihydroxy-3-methoxy-2-prenylxanthone;PLpro_SARS-CoV-2;;
1;6-dihydroxy-3-methoxy-2-prenylxanthone;6LU7:A;;
1;6-dihydroxy-3-methoxy-2-prenylxanthone;6M0J:A;;
1;6-dihydroxy-3-methoxy-2-prenylxanthone;6LZG:A;;
1;6-dihydroxy-3-methoxy-2-prenylxanthone;6VSB:A;;
1;6-dihydroxy-3-methoxy-2-prenylxanthone;6VXX:A;;
1;7-dihydroxy-3;6-dimethoxy-2;8-diprenylxanthone;YP_009725307.1
1;7-dihydroxy-3;6-dimethoxy-2;8-diprenylxanthone;K4LC41_9BETC
1;7-dihydroxy-3;6-dimethoxy-2;8-diprenylxanthone;PLpro_SARS-CoV-2
1;7-dihydroxy-3;6-dimethoxy-2;8-diprenylxanthone;6LU7:A
1;7-dihydroxy-3;6-dimethoxy-2;8-diprenylxanthone;6M0J:A
1;7-dihydroxy-3;6-dimethoxy-2;8-diprenylxanthone;6LZG:A
1;7-dihydroxy-3;6-dimethoxy-2;8-diprenylxanthone;6VSB:A
1;7-dihydroxy-3;6-dimethoxy-2;8-diprenylxanthone;6VXX:A
1;7-dihydroxy-3-methoxy-2-prenylxanthone;YP_009725307.1;;
1;7-dihydroxy-3-methoxy-2-prenylxanthone;K4LC41_9BETC;;
1;7-dihydroxy-3-methoxy-2-prenylxanthone;PLpro_SARS-CoV-2;;
1;7-dihydroxy-3-methoxy-2-prenylxanthone;6LU7:A;;
1;7-dihydroxy-3-methoxy-2-prenylxanthone;6M0J:A;;
1;7-dihydroxy-3-methoxy-2-prenylxanthone;6LZG:A;;
1;7-dihydroxy-3-methoxy-2-prenylxanthone;6VSB:A;;
1;7-dihydroxy-3-methoxy-2-prenylxanthone;6VXX:A;;
1;8-dihydroxy-3;5-dimethoxy-2-prenylxanthone;YP_009725307.1;
1;8-dihydroxy-3;5-dimethoxy-2-prenylxanthone;K4LC41_9BETC;
1;8-dihydroxy-3;5-dimethoxy-2-prenylxanthone;PLpro_SARS-CoV-2;
1;8-dihydroxy-3;5-dimethoxy-2-prenylxanthone;6LU7:A;
1;8-dihydroxy-3;5-dimethoxy-2-prenylxanthone;6M0J:A;
1;8-dihydroxy-3;5-dimethoxy-2-prenylxanthone;6LZG:A;
1;8-dihydroxy-3;5-dimethoxy-2-prenylxanthone;6VSB:A;
1;8-dihydroxy-3;5-dimethoxy-2-prenylxanthone;6VXX:A;
1-hydroxy-3;5-dimethoxy-2;4-diprenylxanthone;YP_009725307.1;
1-hydroxy-3;5-dimethoxy-2;4-diprenylxanthone;K4LC41_9BETC;
1-hydroxy-3;5-dimethoxy-2;4-diprenylxanthone;PLpro_SARS-CoV-2;
1-hydroxy-3;5-dimethoxy-2;4-diprenylxanthone;6LU7:A;
1-hydroxy-3;5-dimethoxy-2;4-diprenylxanthone;6M0J:A;
1-hydroxy-3;5-dimethoxy-2;4-diprenylxanthone;6LZG:A;
1-hydroxy-3;5-dimethoxy-2;4-diprenylxanthone;6VSB:A;
1-hydroxy-3;5-dimethoxy-2;4-diprenylxanthone;6VXX:A;
1-hydroxy-3;5-dimethoxy-2-prenylxanthone;YP_009725307.1;;
1-hydroxy-3;5-dimethoxy-2-prenylxanthone;K4LC41_9BETC;;
1-hydroxy-3;5-dimethoxy-2-prenylxanthone;PLpro_SARS-CoV-2;;
1-hydroxy-3;5-dimethoxy-2-prenylxanthone;6LU7:A;;
1-hydroxy-3;5-dimethoxy-2-prenylxanthone;6M0J:A;;
1-hydroxy-3;5-dimethoxy-2-prenylxanthone;6LZG:A;;
1-hydroxy-3;5-dimethoxy-2-prenylxanthone;6VSB:A;;
1-hydroxy-3;5-dimethoxy-2-prenylxanthone;6VXX:A;;
1-hydroxy-3;6;7-trimethoxy-2-(2-hydroxy-3-methyl-3-butenyl)-8-(3-methyl-2-butenyl)-xanthone;YP_009725307.1;
1-hydroxy-3;6;7-trimethoxy-2-(2-hydroxy-3-methyl-3-butenyl)-8-(3-methyl-2-butenyl)-xanthone;K4LC41_9BETC;
1-hydroxy-3;6;7-trimethoxy-2-(2-hydroxy-3-methyl-3-butenyl)-8-(3-methyl-2-butenyl)-xanthone;PLpro_SARS-CoV-2;
1-hydroxy-3;6;7-trimethoxy-2-(2-hydroxy-3-methyl-3-butenyl)-8-(3-methyl-2-butenyl)-xanthone;6LU7:A;
1-hydroxy-3;6;7-trimethoxy-2-(2-hydroxy-3-methyl-3-butenyl)-8-(3-methyl-2-butenyl)-xanthone;6M0J:A;
1-hydroxy-3;6;7-trimethoxy-2-(2-hydroxy-3-methyl-3-butenyl)-8-(3-methyl-2-butenyl)-xanthone;6LZG:A;
1-hydroxy-3;6;7-trimethoxy-2-(2-hydroxy-3-methyl-3-butenyl)-8-(3-methyl-2-butenyl)-xanthone;6VSB:A;
1-hydroxy-3;6;7-trimethoxy-2-(2-hydroxy-3-methyl-3-butenyl)-8-(3-methyl-2-butenyl)-xanthone;6VXX:A;
1-hydroxy-3;6;7-trimethoxy-2-(3-methyl-2-butenyl)-8-(2-hydroxy-3-methyl-3-butenyl)-xanthone;YP_009725307.1;
1-hydroxy-3;6;7-trimethoxy-2-(3-methyl-2-butenyl)-8-(2-hydroxy-3-methyl-3-butenyl)-xanthone;K4LC41_9BETC;
1-hydroxy-3;6;7-trimethoxy-2-(3-methyl-2-butenyl)-8-(2-hydroxy-3-methyl-3-butenyl)-xanthone;PLpro_SARS-CoV-2;
1-hydroxy-3;6;7-trimethoxy-2-(3-methyl-2-butenyl)-8-(2-hydroxy-3-methyl-3-butenyl)-xanthone;6LU7:A;
1-hydroxy-3;6;7-trimethoxy-2-(3-methyl-2-butenyl)-8-(2-hydroxy-3-methyl-3-butenyl)-xanthone;6M0J:A;
1-hydroxy-3;6;7-trimethoxy-2-(3-methyl-2-butenyl)-8-(2-hydroxy-3-methyl-3-butenyl)-xanthone;6LZG:A;
1-hydroxy-3;6;7-trimethoxy-2-(3-methyl-2-butenyl)-8-(2-hydroxy-3-methyl-3-butenyl)-xanthone;6VSB:A;
1-hydroxy-3;6;7-trimethoxy-2-(3-methyl-2-butenyl)-8-(2-hydroxy-3-methyl-3-butenyl)-xanthone;6VXX:A;
1-hydroxy-3;6;7-trimethoxy-2-(3-methyl-2-butenyl)-8-(3-hydroxy-3-methyl-1e-butenyl)-xanthone;YP_009725307.1;
1-hydroxy-3;6;7-trimethoxy-2-(3-methyl-2-butenyl)-8-(3-hydroxy-3-methyl-1e-butenyl)-xanthone;K4LC41_9BETC;
1-hydroxy-3;6;7-trimethoxy-2-(3-methyl-2-butenyl)-8-(3-hydroxy-3-methyl-1e-butenyl)-xanthone;PLpro_SARS-CoV-2;
1-hydroxy-3;6;7-trimethoxy-2-(3-methyl-2-butenyl)-8-(3-hydroxy-3-methyl-1e-butenyl)-xanthone;6LU7:A;
1-hydroxy-3;6;7-trimethoxy-2-(3-methyl-2-butenyl)-8-(3-hydroxy-3-methyl-1e-butenyl)-xanthone;6M0J:A;
1-hydroxy-3;6;7-trimethoxy-2-(3-methyl-2-butenyl)-8-(3-hydroxy-3-methyl-1e-butenyl)-xanthone;6LZG:A;
1-hydroxy-3;6;7-trimethoxy-2-(3-methyl-2-butenyl)-8-(3-hydroxy-3-methyl-1e-butenyl)-xanthone;6VSB:A;
1-hydroxy-3;6;7-trimethoxy-2-(3-methyl-2-butenyl)-8-(3-hydroxy-3-methyl-1e-butenyl)-xanthone;6VXX:A;
1-hydroxy-3;6;7-trimethoxy-2;8-diprenylxanthone;YP_009725307.1
1-hydroxy-3;6;7-trimethoxy-2;8-diprenylxanthone;K4LC41_9BETC
1-hydroxy-3;6;7-trimethoxy-2;8-diprenylxanthone;PLpro_SARS-CoV-2
1-hydroxy-3;6;7-trimethoxy-2;8-diprenylxanthone;6LU7:A
1-hydroxy-3;6;7-trimethoxy-2;8-diprenylxanthone;6M0J:A
1-hydroxy-3;6;7-trimethoxy-2;8-diprenylxanthone;6LZG:A
1-hydroxy-3;6;7-trimethoxy-2;8-diprenylxanthone;6VSB:A
1-hydroxy-3;6;7-trimethoxy-2;8-diprenylxanthone;6VXX:A
1-isomangostin hydrate;YP_009725307.1;;;
1-isomangostin hydrate;K4LC41_9BETC;;;
1-isomangostin hydrate;PLpro_SARS-CoV-2;;;
1-isomangostin hydrate;6LU7:A;;;
1-isomangostin hydrate;6M0J:A;;;
1-isomangostin hydrate;6LZG:A;;;
1-isomangostin hydrate;6VSB:A;;;
1-isomangostin hydrate;6VXX:A;;;
1-isomangostin;YP_009725307.1;;;
1-isomangostin;K4LC41_9BETC;;;
1-isomangostin;PLpro_SARS-CoV-2;;;
1-isomangostin;6LU7:A;;;
1-isomangostin;6M0J:A;;;
1-isomangostin;6LZG:A;;;
1-isomangostin;6VSB:A;;;
1-isomangostin;6VXX:A;;;
3-isomangostin hydrate;YP_009725307.1;;;
3-isomangostin hydrate;K4LC41_9BETC;;;
3-isomangostin hydrate;PLpro_SARS-CoV-2;;;
3-isomangostin hydrate;6LU7:A;;;
3-isomangostin hydrate;6M0J:A;;;
3-isomangostin hydrate;6LZG:A;;;
3-isomangostin hydrate;6VSB:A;;;
3-isomangostin hydrate;6VXX:A;;;
3-isomangostin;YP_009725307.1;;;
3-isomangostin;K4LC41_9BETC;;;
3-isomangostin;PLpro_SARS-CoV-2;;;
3-isomangostin;6LU7:A;;;
3-isomangostin;6M0J:A;;;
3-isomangostin;6LZG:A;;;
3-isomangostin;6VSB:A;;;
3-isomangostin;6VXX:A;;;
6;8-dihydroxy-1;7-diprenylxanthone-2-carboxylic acid;YP_009725307.1;
6;8-dihydroxy-1;7-diprenylxanthone-2-carboxylic acid;K4LC41_9BETC;
6;8-dihydroxy-1;7-diprenylxanthone-2-carboxylic acid;PLpro_SARS-CoV-2;
6;8-dihydroxy-1;7-diprenylxanthone-2-carboxylic acid;6LU7:A;
6;8-dihydroxy-1;7-diprenylxanthone-2-carboxylic acid;6M0J:A;
6;8-dihydroxy-1;7-diprenylxanthone-2-carboxylic acid;6LZG:A;
6;8-dihydroxy-1;7-diprenylxanthone-2-carboxylic acid;6VSB:A;
6;8-dihydroxy-1;7-diprenylxanthone-2-carboxylic acid;6VXX:A;
6-deoxy-gamma-mangostin;YP_009725307.1;;;
6-deoxy-gamma-mangostin;K4LC41_9BETC;;;
6-deoxy-gamma-mangostin;PLpro_SARS-CoV-2;;;
6-deoxy-gamma-mangostin;6LU7:A;;;
6-deoxy-gamma-mangostin;6M0J:A;;;
6-deoxy-gamma-mangostin;6LZG:A;;;
6-deoxy-gamma-mangostin;6VSB:A;;;
6-deoxy-gamma-mangostin;6VXX:A;;;
8-deoxygartanin;YP_009725307.1;;;
8-deoxygartanin;K4LC41_9BETC;;;
8-deoxygartanin;PLpro_SARS-CoV-2;;;
8-deoxygartanin;6LU7:A;;;
8-deoxygartanin;6M0J:A;;;
8-deoxygartanin;6LZG:A;;;
8-deoxygartanin;6VSB:A;;;
8-deoxygartanin;6VXX:A;;;
9-hydroxycalabaxanthone;YP_009725307.1;;;
9-hydroxycalabaxanthone;K4LC41_9BETC;;;
9-hydroxycalabaxanthone;PLpro_SARS-CoV-2;;;
9-hydroxycalabaxanthone;6LU7:A;;;
9-hydroxycalabaxanthone;6M0J:A;;;
9-hydroxycalabaxanthone;6LZG:A;;;
9-hydroxycalabaxanthone;6VSB:A;;;
9-hydroxycalabaxanthone;6VXX:A;;;
A-mangostin;YP_009725307.1;;;
A-mangostin;K4LC41_9BETC;;;
A-mangostin;PLpro_SARS-CoV-2;;;
A-mangostin;6LU7:A;;;
A-mangostin;6M0J:A;;;
A-mangostin;6LZG:A;;;
A-mangostin;6VSB:A;;;
A-mangostin;6VXX:A;;;
B-mangostin;YP_009725307.1;;;
B-mangostin;K4LC41_9BETC;;;
B-mangostin;PLpro_SARS-CoV-2;;;
B-mangostin;6LU7:A;;;
B-mangostin;6M0J:A;;;
B-mangostin;6LZG:A;;;
B-mangostin;6VSB:A;;;
B-mangostin;6VXX:A;;;
Br-xanthone a;YP_009725307.1;;;
Br-xanthone a;K4LC41_9BETC;;;
Br-xanthone a;PLpro_SARS-CoV-2;;;
Br-xanthone a;6LU7:A;;;
Br-xanthone a;6M0J:A;;;
Br-xanthone a;6LZG:A;;;
Br-xanthone a;6VSB:A;;;
Br-xanthone a;6VXX:A;;;
Calabaxanthone;YP_009725307.1;;;
Calabaxanthone;K4LC41_9BETC;;;
Calabaxanthone;PLpro_SARS-CoV-2;;;
Calabaxanthone;6LU7:A;;;
Calabaxanthone;6M0J:A;;;
Calabaxanthone;6LZG:A;;;
Calabaxanthone;6VSB:A;;;
Calabaxanthone;6VXX:A;;;
Demethylcalabaxanthone;YP_009725307.1;;;
Demethylcalabaxanthone;K4LC41_9BETC;;;
Demethylcalabaxanthone;PLpro_SARS-CoV-2;;;
Demethylcalabaxanthone;6LU7:A;;;
Demethylcalabaxanthone;6M0J:A;;;
Demethylcalabaxanthone;6LZG:A;;;
Demethylcalabaxanthone;6VSB:A;;;
Demethylcalabaxanthone;6VXX:A;;;
Garcimangosone a;YP_009725307.1;;;
Garcimangosone a;K4LC41_9BETC;;;
Garcimangosone a;PLpro_SARS-CoV-2;;;
Garcimangosone a;6LU7:A;;;
Garcimangosone a;6M0J:A;;;
Garcimangosone a;6LZG:A;;;
Garcimangosone a;6VSB:A;;;
Garcimangosone a;6VXX:A;;;
Garcimangosone b;YP_009725307.1;;;
Garcimangosone b;K4LC41_9BETC;;;
Garcimangosone b;PLpro_SARS-CoV-2;;;
Garcimangosone b;6LU7:A;;;
Garcimangosone b;6M0J:A;;;
Garcimangosone b;6LZG:A;;;
Garcimangosone b;6VSB:A;;;
Garcimangosone b;6VXX:A;;;
Garcimangosone c;YP_009725307.1;;;
Garcimangosone c;K4LC41_9BETC;;;
Garcimangosone c;PLpro_SARS-CoV-2;;;
Garcimangosone c;6LU7:A;;;
Garcimangosone c;6M0J:A;;;
Garcimangosone c;6LZG:A;;;
Garcimangosone c;6VSB:A;;;
Garcimangosone c;6VXX:A;;;
Garcimangosone d;YP_009725307.1;;;
Garcimangosone d;K4LC41_9BETC;;;
Garcimangosone d;PLpro_SARS-CoV-2;;;
Garcimangosone d;6LU7:A;;;
Garcimangosone d;6M0J:A;;;
Garcimangosone d;6LZG:A;;;
Garcimangosone d;6VSB:A;;;
Garcimangosone d;6VXX:A;;;
Garcinone a;YP_009725307.1;;;
Garcinone a;K4LC41_9BETC;;;
Garcinone a;PLpro_SARS-CoV-2;;;
Garcinone a;6LU7:A;;;
Garcinone a;6M0J:A;;;
Garcinone a;6LZG:A;;;
Garcinone a;6VSB:A;;;
Garcinone a;6VXX:A;;;
Garcinone c;YP_009725307.1;;;
Garcinone c;K4LC41_9BETC;;;
Garcinone c;PLpro_SARS-CoV-2;;;
Garcinone c;6LU7:A;;;
Garcinone c;6M0J:A;;;
Garcinone c;6LZG:A;;;
Garcinone c;6VSB:A;;;
Garcinone c;6VXX:A;;;
Garcinone d;YP_009725307.1;;;
Garcinone d;K4LC41_9BETC;;;
Garcinone d;PLpro_SARS-CoV-2;;;
Garcinone d;6LU7:A;;;
Garcinone d;6M0J:A;;;
Garcinone d;6LZG:A;;;
Garcinone d;6VSB:A;;;
Garcinone d;6VXX:A;;;
Garcinone e;YP_009725307.1;;;
Garcinone e;K4LC41_9BETC;;;
Garcinone e;PLpro_SARS-CoV-2;;;
Garcinone e;6LU7:A;;;
Garcinone e;6M0J:A;;;
Garcinone e;6LZG:A;;;
Garcinone e;6VSB:A;;;
Garcinone e;6VXX:A;;;
Gartanin;YP_009725307.1;;;
Gartanin;K4LC41_9BETC;;;
Gartanin;PLpro_SARS-CoV-2;;;
Gartanin;6LU7:A;;;
Gartanin;6M0J:A;;;
Gartanin;6LZG:A;;;
Gartanin;6VSB:A;;;
Gartanin;6VXX:A;;;
Mangostin;YP_009725307.1;;;
Mangostin;K4LC41_9BETC;;;
Mangostin;PLpro_SARS-CoV-2;;;
Mangostin;6LU7:A;;;
Mangostin;6M0J:A;;;
Mangostin;6LZG:A;;;
Mangostin;6VSB:A;;;
Mangostin;6VXX:A;;;
Y-mangostin;YP_009725307.1;;;
Y-mangostin;K4LC41_9BETC;;;
Y-mangostin;PLpro_SARS-CoV-2;;;
Y-mangostin;6LU7:A;;;
Y-mangostin;6M0J:A;;;
Y-mangostin;6LZG:A;;;
Y-mangostin;6VSB:A;;;
Y-mangostin;6VXX:A;;;
5-hydroxyaloin a;YP_009725307.1;;;
5-hydroxyaloin a;K4LC41_9BETC;;;
5-hydroxyaloin a;PLpro_SARS-CoV-2;;;
5-hydroxyaloin a;6LU7:A;;;
5-hydroxyaloin a;6M0J:A;;;
5-hydroxyaloin a;6LZG:A;;;
5-hydroxyaloin a;6VSB:A;;;
5-hydroxyaloin a;6VXX:A;;;
7-hydroxy-8-o-methylaloin b;YP_009725307.1;;;
7-hydroxy-8-o-methylaloin b;K4LC41_9BETC;;;
7-hydroxy-8-o-methylaloin b;PLpro_SARS-CoV-2;;;
7-hydroxy-8-o-methylaloin b;6LU7:A;;;
7-hydroxy-8-o-methylaloin b;6M0J:A;;;
7-hydroxy-8-o-methylaloin b;6LZG:A;;;
7-hydroxy-8-o-methylaloin b;6VSB:A;;;
7-hydroxy-8-o-methylaloin b;6VXX:A;;;
Accemannan;YP_009725307.1;;;
Accemannan;K4LC41_9BETC;;;
Accemannan;PLpro_SARS-CoV-2;;;
Accemannan;6LU7:A;;;
Accemannan;6M0J:A;;;
Accemannan;6LZG:A;;;
Accemannan;6VSB:A;;;
Accemannan;6VXX:A;;;
Aloemodin w-acetate;YP_009725307.1;;;
Aloemodin w-acetate;K4LC41_9BETC;;;
Aloemodin w-acetate;PLpro_SARS-CoV-2;;;
Aloemodin w-acetate;6LU7:A;;;
Aloemodin w-acetate;6M0J:A;;;
Aloemodin w-acetate;6LZG:A;;;
Aloemodin w-acetate;6VSB:A;;;
Aloemodin w-acetate;6VXX:A;;;
Aloemodin;YP_009725307.1;;;
Aloemodin;K4LC41_9BETC;;;
Aloemodin;PLpro_SARS-CoV-2;;;
Aloemodin;6LU7:A;;;
Aloemodin;6M0J:A;;;
Aloemodin;6LZG:A;;;
Aloemodin;6VSB:A;;;
Aloemodin;6VXX:A;;;
Aloin;YP_009725307.1;;;
Aloin;K4LC41_9BETC;;;
Aloin;PLpro_SARS-CoV-2;;;
Aloin;6LU7:A;;;
Aloin;6M0J:A;;;
Aloin;6LZG:A;;;
Aloin;6VSB:A;;;
Aloin;6VXX:A;;;
Aloinoside b;YP_009725307.1;;;
Aloinoside b;K4LC41_9BETC;;;
Aloinoside b;PLpro_SARS-CoV-2;;;
Aloinoside b;6LU7:A;;;
Aloinoside b;6M0J:A;;;
Aloinoside b;6LZG:A;;;
Aloinoside b;6VSB:A;;;
Aloinoside b;6VXX:A;;;
Arabinose;YP_009725307.1;;;
Arabinose;K4LC41_9BETC;;;
Arabinose;PLpro_SARS-CoV-2;;;
Arabinose;6LU7:A;;;
Arabinose;6M0J:A;;;
Arabinose;6LZG:A;;;
Arabinose;6VSB:A;;;
Arabinose;6VXX:A;;;
Auxins;YP_009725307.1;;;
Auxins;K4LC41_9BETC;;;
Auxins;PLpro_SARS-CoV-2;;;
Auxins;6LU7:A;;;
Auxins;6M0J:A;;;
Auxins;6LZG:A;;;
Auxins;6VSB:A;;;
Auxins;6VXX:A;;;
B-sitosterol;YP_009725307.1;;;
B-sitosterol;K4LC41_9BETC;;;
B-sitosterol;PLpro_SARS-CoV-2;;;
B-sitosterol;6LU7:A;;;
B-sitosterol;6M0J:A;;;
B-sitosterol;6LZG:A;;;
B-sitosterol;6VSB:A;;;
B-sitosterol;6VXX:A;;;
Campesterol;YP_009725307.1;;;
Campesterol;K4LC41_9BETC;;;
Campesterol;PLpro_SARS-CoV-2;;;
Campesterol;6LU7:A;;;
Campesterol;6M0J:A;;;
Campesterol;6LZG:A;;;
Campesterol;6VSB:A;;;
Campesterol;6VXX:A;;;
Cinnamic acid;YP_009725307.1;;;
Cinnamic acid;K4LC41_9BETC;;;
Cinnamic acid;PLpro_SARS-CoV-2;;;
Cinnamic acid;6LU7:A;;;
Cinnamic acid;6M0J:A;;;
Cinnamic acid;6LZG:A;;;
Cinnamic acid;6VSB:A;;;
Cinnamic acid;6VXX:A;;;
Emodin;YP_009725307.1;;;
Emodin;K4LC41_9BETC;;;
Emodin;PLpro_SARS-CoV-2;;;
Emodin;6LU7:A;;;
Emodin;6M0J:A;;;
Emodin;6LZG:A;;;
Emodin;6VSB:A;;;
Emodin;6VXX:A;;;
Gibberelins;YP_009725307.1;;;
Gibberelins;K4LC41_9BETC;;;
Gibberelins;PLpro_SARS-CoV-2;;;
Gibberelins;6LU7:A;;;
Gibberelins;6M0J:A;;;
Gibberelins;6LZG:A;;;
Gibberelins;6VSB:A;;;
Gibberelins;6VXX:A;;;
Gychirrethinic acid;YP_009725307.1;;;
Gychirrethinic acid;K4LC41_9BETC;;;
Gychirrethinic acid;PLpro_SARS-CoV-2;;;
Gychirrethinic acid;6LU7:A;;;
Gychirrethinic acid;6M0J:A;;;
Gychirrethinic acid;6LZG:A;;;
Gychirrethinic acid;6VSB:A;;;
Gychirrethinic acid;6VXX:A;;;
(e)-beta-farnesene;YP_009725307.1;;;
(e)-beta-farnesene;K4LC41_9BETC;;;
(e)-beta-farnesene;PLpro_SARS-CoV-2;;;
(e)-beta-farnesene;6LU7:A;;;
(e)-beta-farnesene;6M0J:A;;;
(e)-beta-farnesene;6LZG:A;;;
(e)-beta-farnesene;6VSB:A;;;
(e)-beta-farnesene;6VXX:A;;;
Z-beta-ocimene;YP_009725307.1;;;
Z-beta-ocimene;K4LC41_9BETC;;;
Z-beta-ocimene;PLpro_SARS-CoV-2;;;
Z-beta-ocimene;6LU7:A;;;
Z-beta-ocimene;6M0J:A;;;
Z-beta-ocimene;6LZG:A;;;
Z-beta-ocimene;6VSB:A;;;
Z-beta-ocimene;6VXX:A;;;
(z)-cinnamyl acetate;YP_009725307.1;;;
(z)-cinnamyl acetate;K4LC41_9BETC;;;
(z)-cinnamyl acetate;PLpro_SARS-CoV-2;;;
(z)-cinnamyl acetate;6LU7:A;;;
(z)-cinnamyl acetate;6M0J:A;;;
(z)-cinnamyl acetate;6LZG:A;;;
(z)-cinnamyl acetate;6VSB:A;;;
(z)-cinnamyl acetate;6VXX:A;;;
1;8-cineole;YP_009725307.1;;
1;8-cineole;K4LC41_9BETC;;
1;8-cineole;PLpro_SARS-CoV-2;;
1;8-cineole;6LU7:A;;
1;8-cineole;6M0J:A;;
1;8-cineole;6LZG:A;;
1;8-cineole;6VSB:A;;
1;8-cineole;6VXX:A;;
1-hexanol;YP_009725307.1;;;
1-hexanol;K4LC41_9BETC;;;
1-hexanol;PLpro_SARS-CoV-2;;;
1-hexanol;6LU7:A;;;
1-hexanol;6M0J:A;;;
1-hexanol;6LZG:A;;;
1-hexanol;6VSB:A;;;
1-hexanol;6VXX:A;;;
2-heptadecanone;YP_009725307.1;;;
2-heptadecanone;K4LC41_9BETC;;;
2-heptadecanone;PLpro_SARS-CoV-2;;;
2-heptadecanone;6LU7:A;;;
2-heptadecanone;6M0J:A;;;
2-heptadecanone;6LZG:A;;;
2-heptadecanone;6VSB:A;;;
2-heptadecanone;6VXX:A;;;
2-phenylethyl benzoate;YP_009725307.1;;;
2-phenylethyl benzoate;K4LC41_9BETC;;;
2-phenylethyl benzoate;PLpro_SARS-CoV-2;;;
2-phenylethyl benzoate;6LU7:A;;;
2-phenylethyl benzoate;6M0J:A;;;
2-phenylethyl benzoate;6LZG:A;;;
2-phenylethyl benzoate;6VSB:A;;;
2-phenylethyl benzoate;6VXX:A;;;
3-carene;YP_009725307.1;;;
3-carene;K4LC41_9BETC;;;
3-carene;PLpro_SARS-CoV-2;;;
3-carene;6LU7:A;;;
3-carene;6M0J:A;;;
3-carene;6LZG:A;;;
3-carene;6VSB:A;;;
3-carene;6VXX:A;;;
3-hexen-1-ol;YP_009725307.1;;;
3-hexen-1-ol;K4LC41_9BETC;;;
3-hexen-1-ol;PLpro_SARS-CoV-2;;;
3-hexen-1-ol;6LU7:A;;;
3-hexen-1-ol;6M0J:A;;;
3-hexen-1-ol;6LZG:A;;;
3-hexen-1-ol;6VSB:A;;;
3-hexen-1-ol;6VXX:A;;;
A-bergamoten;YP_009725307.1;;;
A-bergamoten;K4LC41_9BETC;;;
A-bergamoten;PLpro_SARS-CoV-2;;;
A-bergamoten;6LU7:A;;;
A-bergamoten;6M0J:A;;;
A-bergamoten;6LZG:A;;;
A-bergamoten;6VSB:A;;;
A-bergamoten;6VXX:A;;;
A-cadinene;YP_009725307.1;;;
A-cadinene;K4LC41_9BETC;;;
A-cadinene;PLpro_SARS-CoV-2;;;
A-cadinene;6LU7:A;;;
A-cadinene;6M0J:A;;;
A-cadinene;6LZG:A;;;
A-cadinene;6VSB:A;;;
A-cadinene;6VXX:A;;;
A-cadinol;YP_009725307.1;;;
A-cadinol;K4LC41_9BETC;;;
A-cadinol;PLpro_SARS-CoV-2;;;
A-cadinol;6LU7:A;;;
A-cadinol;6M0J:A;;;
A-cadinol;6LZG:A;;;
A-cadinol;6VSB:A;;;
A-cadinol;6VXX:A;;;
A-calacorene;YP_009725307.1;;;
A-calacorene;K4LC41_9BETC;;;
A-calacorene;PLpro_SARS-CoV-2;;;
A-calacorene;6LU7:A;;;
A-calacorene;6M0J:A;;;
A-calacorene;6LZG:A;;;
A-calacorene;6VSB:A;;;
A-calacorene;6VXX:A;;;
Acetyl eugenol;YP_009725307.1;;;
Acetyl eugenol;K4LC41_9BETC;;;
Acetyl eugenol;PLpro_SARS-CoV-2;;;
Acetyl eugenol;6LU7:A;;;
Acetyl eugenol;6M0J:A;;;
Acetyl eugenol;6LZG:A;;;
Acetyl eugenol;6VSB:A;;;
Acetyl eugenol;6VXX:A;;;
A-copaene;YP_009725307.1;;;
A-copaene;K4LC41_9BETC;;;
A-copaene;PLpro_SARS-CoV-2;;;
A-copaene;6LU7:A;;;
A-copaene;6M0J:A;;;
A-copaene;6LZG:A;;;
A-copaene;6VSB:A;;;
A-copaene;6VXX:A;;;
A-humulene;YP_009725307.1;;;
A-humulene;K4LC41_9BETC;;;
A-humulene;PLpro_SARS-CoV-2;;;
A-humulene;6LU7:A;;;
A-humulene;6M0J:A;;;
A-humulene;6LZG:A;;;
A-humulene;6VSB:A;;;
A-humulene;6VXX:A;;;
A-muurolene;YP_009725307.1;;;
A-muurolene;K4LC41_9BETC;;;
A-muurolene;PLpro_SARS-CoV-2;;;
A-muurolene;6LU7:A;;;
A-muurolene;6M0J:A;;;
A-muurolene;6LZG:A;;;
A-muurolene;6VSB:A;;;
A-muurolene;6VXX:A;;;
Aromadendrene;YP_009725307.1;;;
Aromadendrene;K4LC41_9BETC;;;
Aromadendrene;PLpro_SARS-CoV-2;;;
Aromadendrene;6LU7:A;;;
Aromadendrene;6M0J:A;;;
Aromadendrene;6LZG:A;;;
Aromadendrene;6VSB:A;;;
Aromadendrene;6VXX:A;;;
A-selinene;YP_009725307.1;;;
A-selinene;K4LC41_9BETC;;;
A-selinene;PLpro_SARS-CoV-2;;;
A-selinene;6LU7:A;;;
A-selinene;6M0J:A;;;
A-selinene;6LZG:A;;;
A-selinene;6VSB:A;;;
A-selinene;6VXX:A;;;
Benzaldehyde;YP_009725307.1;;;
Benzaldehyde;K4LC41_9BETC;;;
Benzaldehyde;PLpro_SARS-CoV-2;;;
Benzaldehyde;6LU7:A;;;
Benzaldehyde;6M0J:A;;;
Benzaldehyde;6LZG:A;;;
Benzaldehyde;6VSB:A;;;
Benzaldehyde;6VXX:A;;;
Benzyl alcohol;YP_009725307.1;;;
Benzyl alcohol;K4LC41_9BETC;;;
Benzyl alcohol;PLpro_SARS-CoV-2;;;
Benzyl alcohol;6LU7:A;;;
Benzyl alcohol;6M0J:A;;;
Benzyl alcohol;6LZG:A;;;
Benzyl alcohol;6VSB:A;;;
Benzyl alcohol;6VXX:A;;;
Benzyl benzoate;YP_009725307.1;;;
Benzyl benzoate;K4LC41_9BETC;;;
Benzyl benzoate;PLpro_SARS-CoV-2;;;
Benzyl benzoate;6LU7:A;;;
Benzyl benzoate;6M0J:A;;;
Benzyl benzoate;6LZG:A;;;
Benzyl benzoate;6VSB:A;;;
Benzyl benzoate;6VXX:A;;;
Beta-ocimene;YP_009725307.1;;;
Beta-ocimene;K4LC41_9BETC;;;
Beta-ocimene;PLpro_SARS-CoV-2;;;
Beta-ocimene;6LU7:A;;;
Beta-ocimene;6M0J:A;;;
Beta-ocimene;6LZG:A;;;
Beta-ocimene;6VSB:A;;;
Beta-ocimene;6VXX:A;;;
Borneol;YP_009725307.1;;;
Borneol;K4LC41_9BETC;;;
Borneol;PLpro_SARS-CoV-2;;;
Borneol;6LU7:A;;;
Borneol;6M0J:A;;;
Borneol;6LZG:A;;;
Borneol;6VSB:A;;;
Borneol;6VXX:A;;;
Bornyl acetate;YP_009725307.1;;;
Bornyl acetate;K4LC41_9BETC;;;
Bornyl acetate;PLpro_SARS-CoV-2;;;
Bornyl acetate;6LU7:A;;;
Bornyl acetate;6M0J:A;;;
Bornyl acetate;6LZG:A;;;
Bornyl acetate;6VSB:A;;;
Bornyl acetate;6VXX:A;;;
B-salinene;YP_009725307.1;;;
B-salinene;K4LC41_9BETC;;;
B-salinene;PLpro_SARS-CoV-2;;;
B-salinene;6LU7:A;;;
B-salinene;6M0J:A;;;
B-salinene;6LZG:A;;;
B-salinene;6VSB:A;;;
B-salinene;6VXX:A;;;
Cadalene;YP_009725307.1;;;
Cadalene;K4LC41_9BETC;;;
Cadalene;PLpro_SARS-CoV-2;;;
Cadalene;6LU7:A;;;
Cadalene;6M0J:A;;;
Cadalene;6LZG:A;;;
Cadalene;6VSB:A;;;
Cadalene;6VXX:A;;;
Camphene;YP_009725307.1;;;
Camphene;K4LC41_9BETC;;;
Camphene;PLpro_SARS-CoV-2;;;
Camphene;6LU7:A;;;
Camphene;6M0J:A;;;
Camphene;6LZG:A;;;
Camphene;6VSB:A;;;
Camphene;6VXX:A;;;
Caryophyllene oxide;YP_009725307.1;;;
Caryophyllene oxide;K4LC41_9BETC;;;
Caryophyllene oxide;PLpro_SARS-CoV-2;;;
Caryophyllene oxide;6LU7:A;;;
Caryophyllene oxide;6M0J:A;;;
Caryophyllene oxide;6LZG:A;;;
Caryophyllene oxide;6VSB:A;;;
Caryophyllene oxide;6VXX:A;;;
Cinnamaldehyde;YP_009725307.1;;;
Cinnamaldehyde;K4LC41_9BETC;;;
Cinnamaldehyde;PLpro_SARS-CoV-2;;;
Cinnamaldehyde;6LU7:A;;;
Cinnamaldehyde;6M0J:A;;;
Cinnamaldehyde;6LZG:A;;;
Cinnamaldehyde;6VSB:A;;;
Cinnamaldehyde;6VXX:A;;;
Cinnamyl acetate;YP_009725307.1;;;
Cinnamyl acetate;K4LC41_9BETC;;;
Cinnamyl acetate;PLpro_SARS-CoV-2;;;
Cinnamyl acetate;6LU7:A;;;
Cinnamyl acetate;6M0J:A;;;
Cinnamyl acetate;6LZG:A;;;
Cinnamyl acetate;6VSB:A;;;
Cinnamyl acetate;6VXX:A;;;
Cinnamyl alcohol;YP_009725307.1;;;
Cinnamyl alcohol;K4LC41_9BETC;;;
Cinnamyl alcohol;PLpro_SARS-CoV-2;;;
Cinnamyl alcohol;6LU7:A;;;
Cinnamyl alcohol;6M0J:A;;;
Cinnamyl alcohol;6LZG:A;;;
Cinnamyl alcohol;6VSB:A;;;
Cinnamyl alcohol;6VXX:A;;;
Cis calamenene;YP_009725307.1;;;
Cis calamenene;K4LC41_9BETC;;;
Cis calamenene;PLpro_SARS-CoV-2;;;
Cis calamenene;6LU7:A;;;
Cis calamenene;6M0J:A;;;
Cis calamenene;6LZG:A;;;
Cis calamenene;6VSB:A;;;
Cis calamenene;6VXX:A;;;
Cis-linalool oxide (pyranoid);YP_009725307.1;;;
Cis-linalool oxide (pyranoid);K4LC41_9BETC;;;
Cis-linalool oxide (pyranoid);PLpro_SARS-CoV-2;;;
Cis-linalool oxide (pyranoid);6LU7:A;;;
Cis-linalool oxide (pyranoid);6M0J:A;;;
Cis-linalool oxide (pyranoid);6LZG:A;;;
Cis-linalool oxide (pyranoid);6VSB:A;;;
Cis-linalool oxide (pyranoid);6VXX:A;;;
Cuminaldehyde;YP_009725307.1;;;
Cuminaldehyde;K4LC41_9BETC;;;
Cuminaldehyde;PLpro_SARS-CoV-2;;;
Cuminaldehyde;6LU7:A;;;
Cuminaldehyde;6M0J:A;;;
Cuminaldehyde;6LZG:A;;;
Cuminaldehyde;6VSB:A;;;
Cuminaldehyde;6VXX:A;;;
D-cadinene;YP_009725307.1;;;
D-cadinene;K4LC41_9BETC;;;
D-cadinene;PLpro_SARS-CoV-2;;;
D-cadinene;6LU7:A;;;
D-cadinene;6M0J:A;;;
D-cadinene;6LZG:A;;;
D-cadinene;6VSB:A;;;
D-cadinene;6VXX:A;;;
Epi-a-bisabolol;YP_009725307.1;;;
Epi-a-bisabolol;K4LC41_9BETC;;;
Epi-a-bisabolol;PLpro_SARS-CoV-2;;;
Epi-a-bisabolol;6LU7:A;;;
Epi-a-bisabolol;6M0J:A;;;
Epi-a-bisabolol;6LZG:A;;;
Epi-a-bisabolol;6VSB:A;;;
Epi-a-bisabolol;6VXX:A;;;
Ethyl cinnamate;YP_009725307.1;;;
Ethyl cinnamate;K4LC41_9BETC;;;
Ethyl cinnamate;PLpro_SARS-CoV-2;;;
Ethyl cinnamate;6LU7:A;;;
Ethyl cinnamate;6M0J:A;;;
Ethyl cinnamate;6LZG:A;;;
Ethyl cinnamate;6VSB:A;;;
Ethyl cinnamate;6VXX:A;;;
Eugenyl acetate;YP_009725307.1;;;
Eugenyl acetate;K4LC41_9BETC;;;
Eugenyl acetate;PLpro_SARS-CoV-2;;;
Eugenyl acetate;6LU7:A;;;
Eugenyl acetate;6M0J:A;;;
Eugenyl acetate;6LZG:A;;;
Eugenyl acetate;6VSB:A;;;
Eugenyl acetate;6VXX:A;;;
Farnesol;YP_009725307.1;;;
Farnesol;K4LC41_9BETC;;;
Farnesol;PLpro_SARS-CoV-2;;;
Farnesol;6LU7:A;;;
Farnesol;6M0J:A;;;
Farnesol;6LZG:A;;;
Farnesol;6VSB:A;;;
Farnesol;6VXX:A;;;
Fenchone;YP_009725307.1;;;
Fenchone;K4LC41_9BETC;;;
Fenchone;PLpro_SARS-CoV-2;;;
Fenchone;6LU7:A;;;
Fenchone;6M0J:A;;;
Fenchone;6LZG:A;;;
Fenchone;6VSB:A;;;
Fenchone;6VXX:A;;;
Geranial/citral;YP_009725307.1;;;
Geranial/citral;K4LC41_9BETC;;;
Geranial/citral;PLpro_SARS-CoV-2;;;
Geranial/citral;6LU7:A;;;
Geranial/citral;6M0J:A;;;
Geranial/citral;6LZG:A;;;
Geranial/citral;6VSB:A;;;
Geranial/citral;6VXX:A;;;
Geraniol;YP_009725307.1;;;
Geraniol;K4LC41_9BETC;;;
Geraniol;PLpro_SARS-CoV-2;;;
Geraniol;6LU7:A;;;
Geraniol;6M0J:A;;;
Geraniol;6LZG:A;;;
Geraniol;6VSB:A;;;
Geraniol;6VXX:A;;;
Germacrene-d;YP_009725307.1;;;
Germacrene-d;K4LC41_9BETC;;;
Germacrene-d;PLpro_SARS-CoV-2;;;
Germacrene-d;6LU7:A;;;
Germacrene-d;6M0J:A;;;
Germacrene-d;6LZG:A;;;
Germacrene-d;6VSB:A;;;
Germacrene-d;6VXX:A;;;
Heptan-2-one;YP_009725307.1;;;
Heptan-2-one;K4LC41_9BETC;;;
Heptan-2-one;PLpro_SARS-CoV-2;;;
Heptan-2-one;6LU7:A;;;
Heptan-2-one;6M0J:A;;;
Heptan-2-one;6LZG:A;;;
Heptan-2-one;6VSB:A;;;
Heptan-2-one;6VXX:A;;;
Heptanal;YP_009725307.1;;;
Heptanal;K4LC41_9BETC;;;
Heptanal;PLpro_SARS-CoV-2;;;
Heptanal;6LU7:A;;;
Heptanal;6M0J:A;;;
Heptanal;6LZG:A;;;
Heptanal;6VSB:A;;;
Heptanal;6VXX:A;;;
Hexadecanol;YP_009725307.1;;;
Hexadecanol;K4LC41_9BETC;;;
Hexadecanol;PLpro_SARS-CoV-2;;;
Hexadecanol;6LU7:A;;;
Hexadecanol;6M0J:A;;;
Hexadecanol;6LZG:A;;;
Hexadecanol;6VSB:A;;;
Hexadecanol;6VXX:A;;;
Hydrocinnamaldehyde;YP_009725307.1;;;
Hydrocinnamaldehyde;K4LC41_9BETC;;;
Hydrocinnamaldehyde;PLpro_SARS-CoV-2;;;
Hydrocinnamaldehyde;6LU7:A;;;
Hydrocinnamaldehyde;6M0J:A;;;
Hydrocinnamaldehyde;6LZG:A;;;
Hydrocinnamaldehyde;6VSB:A;;;
Hydrocinnamaldehyde;6VXX:A;;;
Hydrocinnamic acid;YP_009725307.1;;;
Hydrocinnamic acid;K4LC41_9BETC;;;
Hydrocinnamic acid;PLpro_SARS-CoV-2;;;
Hydrocinnamic acid;6LU7:A;;;
Hydrocinnamic acid;6M0J:A;;;
Hydrocinnamic acid;6LZG:A;;;
Hydrocinnamic acid;6VSB:A;;;
Hydrocinnamic acid;6VXX:A;;;
Isoeugenol;YP_009725307.1;;;
Isoeugenol;K4LC41_9BETC;;;
Isoeugenol;PLpro_SARS-CoV-2;;;
Isoeugenol;6LU7:A;;;
Isoeugenol;6M0J:A;;;
Isoeugenol;6LZG:A;;;
Isoeugenol;6VSB:A;;;
Isoeugenol;6VXX:A;;;
Ledol;YP_009725307.1;;;
Ledol;K4LC41_9BETC;;;
Ledol;PLpro_SARS-CoV-2;;;
Ledol;6LU7:A;;;
Ledol;6M0J:A;;;
Ledol;6LZG:A;;;
Ledol;6VSB:A;;;
Ledol;6VXX:A;;;
Z-cinnamaldehyde;YP_009725307.1;;;
Z-cinnamaldehyde;K4LC41_9BETC;;;
Z-cinnamaldehyde;PLpro_SARS-CoV-2;;;
Z-cinnamaldehyde;6LU7:A;;;
Z-cinnamaldehyde;6M0J:A;;;
Z-cinnamaldehyde;6LZG:A;;;
Z-cinnamaldehyde;6VSB:A;;;
Z-cinnamaldehyde;6VXX:A;;;
Bergenin;YP_009725307.1;;;
Bergenin;K4LC41_9BETC;;;
Bergenin;PLpro_SARS-CoV-2;;;
Bergenin;6LU7:A;;;
Bergenin;6M0J:A;;;
Bergenin;6LZG:A;;;
Bergenin;6VSB:A;;;
Bergenin;6VXX:A;;;
Betulinic acid;YP_009725307.1;;;
Betulinic acid;K4LC41_9BETC;;;
Betulinic acid;PLpro_SARS-CoV-2;;;
Betulinic acid;6LU7:A;;;
Betulinic acid;6M0J:A;;;
Betulinic acid;6LZG:A;;;
Betulinic acid;6VSB:A;;;
Betulinic acid;6VXX:A;;;
Cyanidin diglycoside;YP_009725307.1;;;
Cyanidin diglycoside;K4LC41_9BETC;;;
Cyanidin diglycoside;PLpro_SARS-CoV-2;;;
Cyanidin diglycoside;6LU7:A;;;
Cyanidin diglycoside;6M0J:A;;;
Cyanidin diglycoside;6LZG:A;;;
Cyanidin diglycoside;6VSB:A;;;
Cyanidin diglycoside;6VXX:A;;;
Delphinidin-3-gentiobioside;YP_009725307.1;;;
Delphinidin-3-gentiobioside;K4LC41_9BETC;;;
Delphinidin-3-gentiobioside;PLpro_SARS-CoV-2;;;
Delphinidin-3-gentiobioside;6LU7:A;;;
Delphinidin-3-gentiobioside;6M0J:A;;;
Delphinidin-3-gentiobioside;6LZG:A;;;
Delphinidin-3-gentiobioside;6VSB:A;;;
Delphinidin-3-gentiobioside;6VXX:A;;;
Dihydromyricetin;YP_009725307.1;;;
Dihydromyricetin;K4LC41_9BETC;;;
Dihydromyricetin;PLpro_SARS-CoV-2;;;
Dihydromyricetin;6LU7:A;;;
Dihydromyricetin;6M0J:A;;;
Dihydromyricetin;6LZG:A;;;
Dihydromyricetin;6VSB:A;;;
Dihydromyricetin;6VXX:A;;;
Epi-friedelanol;YP_009725307.1;;;
Epi-friedelanol;K4LC41_9BETC;;;
Epi-friedelanol;PLpro_SARS-CoV-2;;;
Epi-friedelanol;6LU7:A;;;
Epi-friedelanol;6M0J:A;;;
Epi-friedelanol;6LZG:A;;;
Epi-friedelanol;6VSB:A;;;
Epi-friedelanol;6VXX:A;;;
Friedelin;YP_009725307.1;;;
Friedelin;K4LC41_9BETC;;;
Friedelin;PLpro_SARS-CoV-2;;;
Friedelin;6LU7:A;;;
Friedelin;6M0J:A;;;
Friedelin;6LZG:A;;;
Friedelin;6VSB:A;;;
Friedelin;6VXX:A;;;
Hyperoside;YP_009725307.1;;;
Hyperoside;K4LC41_9BETC;;;
Hyperoside;PLpro_SARS-CoV-2;;;
Hyperoside;6LU7:A;;;
Hyperoside;6M0J:A;;;
Hyperoside;6LZG:A;;;
Hyperoside;6VSB:A;;;
Hyperoside;6VXX:A;;;
Isoquercetin;YP_009725307.1;;;
Isoquercetin;K4LC41_9BETC;;;
Isoquercetin;PLpro_SARS-CoV-2;;;
Isoquercetin;6LU7:A;;;
Isoquercetin;6M0J:A;;;
Isoquercetin;6LZG:A;;;
Isoquercetin;6VSB:A;;;
Isoquercetin;6VXX:A;;;
Kaempferol;YP_009725307.1;;;
Kaempferol;K4LC41_9BETC;;;
Kaempferol;PLpro_SARS-CoV-2;;;
Kaempferol;6LU7:A;;;
Kaempferol;6M0J:A;;;
Kaempferol;6LZG:A;;;
Kaempferol;6VSB:A;;;
Kaempferol;6VXX:A;;;
Ligan library brotowali;YP_009725307.1;;;
Ligan library brotowali;K4LC41_9BETC;;;
Ligan library brotowali;PLpro_SARS-CoV-2;;;
Ligan library brotowali;6LU7:A;;;
Ligan library brotowali;6M0J:A;;;
Ligan library brotowali;6LZG:A;;;
Ligan library brotowali;6VSB:A;;;
Ligan library brotowali;6VXX:A;;;
Amritoside;YP_009725307.1;;;
Amritoside;K4LC41_9BETC;;;
Amritoside;PLpro_SARS-CoV-2;;;
Amritoside;6LU7:A;;;
Amritoside;6M0J:A;;;
Amritoside;6LZG:A;;;
Amritoside;6VSB:A;;;
Amritoside;6VXX:A;;;
Apigenin;YP_009725307.1;;;
Apigenin;K4LC41_9BETC;;;
Apigenin;PLpro_SARS-CoV-2;;;
Apigenin;6LU7:A;;;
Apigenin;6M0J:A;;;
Apigenin;6LZG:A;;;
Apigenin;6VSB:A;;;
Apigenin;6VXX:A;;;
Berberine;YP_009725307.1;;;
Berberine;K4LC41_9BETC;;;
Berberine;PLpro_SARS-CoV-2;;;
Berberine;6LU7:A;;;
Berberine;6M0J:A;;;
Berberine;6LZG:A;;;
Berberine;6VSB:A;;;
Berberine;6VXX:A;;;
Berberine2;YP_009725307.1;;;
Berberine2;K4LC41_9BETC;;;
Berberine2;PLpro_SARS-CoV-2;;;
Berberine2;6LU7:A;;;
Berberine2;6M0J:A;;;
Berberine2;6LZG:A;;;
Berberine2;6VSB:A;;;
Berberine2;6VXX:A;;;
Columbin;YP_009725307.1;;;
Columbin;K4LC41_9BETC;;;
Columbin;PLpro_SARS-CoV-2;;;
Columbin;6LU7:A;;;
Columbin;6M0J:A;;;
Columbin;6LZG:A;;;
Columbin;6VSB:A;;;
Columbin;6VXX:A;;;
Cordiofolioside a;YP_009725307.1;;;
Cordiofolioside a;K4LC41_9BETC;;;
Cordiofolioside a;PLpro_SARS-CoV-2;;;
Cordiofolioside a;6LU7:A;;;
Cordiofolioside a;6M0J:A;;;
Cordiofolioside a;6LZG:A;;;
Cordiofolioside a;6VSB:A;;;
Cordiofolioside a;6VXX:A;;;
Cycloeucalenol;YP_009725307.1;;;
Cycloeucalenol;K4LC41_9BETC;;;
Cycloeucalenol;PLpro_SARS-CoV-2;;;
Cycloeucalenol;6LU7:A;;;
Cycloeucalenol;6M0J:A;;;
Cycloeucalenol;6LZG:A;;;
Cycloeucalenol;6VSB:A;;;
Cycloeucalenol;6VXX:A;;;
Cycloeucalenone;YP_009725307.1;;;
Cycloeucalenone;K4LC41_9BETC;;;
Cycloeucalenone;PLpro_SARS-CoV-2;;;
Cycloeucalenone;6LU7:A;;;
Cycloeucalenone;6M0J:A;;;
Cycloeucalenone;6LZG:A;;;
Cycloeucalenone;6VSB:A;;;
Cycloeucalenone;6VXX:A;;;
Cytidine;YP_009725307.1;;;
Cytidine;K4LC41_9BETC;;;
Cytidine;PLpro_SARS-CoV-2;;;
Cytidine;6LU7:A;;;
Cytidine;6M0J:A;;;
Cytidine;6LZG:A;;;
Cytidine;6VSB:A;;;
Cytidine;6VXX:A;;;
Goyaglycoside h;YP_009725307.1;;;
Goyaglycoside h;K4LC41_9BETC;;;
Goyaglycoside h;PLpro_SARS-CoV-2;;;
Goyaglycoside h;6LU7:A;;;
Goyaglycoside h;6M0J:A;;;
Goyaglycoside h;6LZG:A;;;
Goyaglycoside h;6VSB:A;;;
Goyaglycoside h;6VXX:A;;;
Goyaglycoside g;YP_009725307.1;;;
Goyaglycoside g;K4LC41_9BETC;;;
Goyaglycoside g;PLpro_SARS-CoV-2;;;
Goyaglycoside g;6LU7:A;;;
Goyaglycoside g;6M0J:A;;;
Goyaglycoside g;6LZG:A;;;
Goyaglycoside g;6VSB:A;;;
Goyaglycoside g;6VXX:A;;;
Goyaglycoside f;YP_009725307.1;;;
Goyaglycoside f;K4LC41_9BETC;;;
Goyaglycoside f;PLpro_SARS-CoV-2;;;
Goyaglycoside f;6LU7:A;;;
Goyaglycoside f;6M0J:A;;;
Goyaglycoside f;6LZG:A;;;
Goyaglycoside f;6VSB:A;;;
Goyaglycoside f;6VXX:A;;;
Goyaglycoside e;YP_009725307.1;;;
Goyaglycoside e;K4LC41_9BETC;;;
Goyaglycoside e;PLpro_SARS-CoV-2;;;
Goyaglycoside e;6LU7:A;;;
Goyaglycoside e;6M0J:A;;;
Goyaglycoside e;6LZG:A;;;
Goyaglycoside e;6VSB:A;;;
Goyaglycoside e;6VXX:A;;;
Goyaglycoside c;YP_009725307.1;;;
Goyaglycoside c;K4LC41_9BETC;;;
Goyaglycoside c;PLpro_SARS-CoV-2;;;
Goyaglycoside c;6LU7:A;;;
Goyaglycoside c;6M0J:A;;;
Goyaglycoside c;6LZG:A;;;
Goyaglycoside c;6VSB:A;;;
Goyaglycoside c;6VXX:A;;;
Goyaglycoside a;YP_009725307.1;;;
Goyaglycoside a;K4LC41_9BETC;;;
Goyaglycoside a;PLpro_SARS-CoV-2;;;
Goyaglycoside a;6LU7:A;;;
Goyaglycoside a;6M0J:A;;;
Goyaglycoside a;6LZG:A;;;
Goyaglycoside a;6VSB:A;;;
Goyaglycoside a;6VXX:A;;;
Gentisic acid;YP_009725307.1;;;
Gentisic acid;K4LC41_9BETC;;;
Gentisic acid;PLpro_SARS-CoV-2;;;
Gentisic acid;6LU7:A;;;
Gentisic acid;6M0J:A;;;
Gentisic acid;6LZG:A;;;
Gentisic acid;6VSB:A;;;
Gentisic acid;6VXX:A;;;
Gartanin;YP_009725307.1;;;
Gartanin;K4LC41_9BETC;;;
Gartanin;PLpro_SARS-CoV-2;;;
Gartanin;6LU7:A;;;
Gartanin;6M0J:A;;;
Gartanin;6LZG:A;;;
Gartanin;6VSB:A;;;
Gartanin;6VXX:A;;;
Galacturonic acid;YP_009725307.1;;;
Galacturonic acid;K4LC41_9BETC;;;
Galacturonic acid;PLpro_SARS-CoV-2;;;
Galacturonic acid;6LU7:A;;;
Galacturonic acid;6M0J:A;;;
Galacturonic acid;6LZG:A;;;
Galacturonic acid;6VSB:A;;;
Galacturonic acid;6VXX:A;;;
Erythrodiol;YP_009725307.1;;;
Erythrodiol;K4LC41_9BETC;;;
Erythrodiol;PLpro_SARS-CoV-2;;;
Erythrodiol;6LU7:A;;;
Erythrodiol;6M0J:A;;;
Erythrodiol;6LZG:A;;;
Erythrodiol;6VSB:A;;;
Erythrodiol;6VXX:A;;;
Epi gallocathecin;YP_009725307.1;;;
Epi gallocathecin;K4LC41_9BETC;;;
Epi gallocathecin;PLpro_SARS-CoV-2;;;
Epi gallocathecin;6LU7:A;;;
Epi gallocathecin;6M0J:A;;;
Epi gallocathecin;6LZG:A;;;
Epi gallocathecin;6VSB:A;;;
Epi gallocathecin;6VXX:A;;;
Elaeostearic acid;YP_009725307.1;;;
Elaeostearic acid;K4LC41_9BETC;;;
Elaeostearic acid;PLpro_SARS-CoV-2;;;
Elaeostearic acid;6LU7:A;;;
Elaeostearic acid;6M0J:A;;;
Elaeostearic acid;6LZG:A;;;
Elaeostearic acid;6VSB:A;;;
Elaeostearic acid;6VXX:A;;;
Diosgenin;YP_009725307.1;;;
Diosgenin;K4LC41_9BETC;;;
Diosgenin;PLpro_SARS-CoV-2;;;
Diosgenin;6LU7:A;;;
Diosgenin;6M0J:A;;;
Diosgenin;6LZG:A;;;
Diosgenin;6VSB:A;;;
Diosgenin;6VXX:A;;;
Cycloarthenol;YP_009725307.1;;;
Cycloarthenol;K4LC41_9BETC;;;
Cycloarthenol;PLpro_SARS-CoV-2;;;
Cycloarthenol;6LU7:A;;;
Cycloarthenol;6M0J:A;;;
Cycloarthenol;6LZG:A;;;
Cycloarthenol;6VSB:A;;;
Cycloarthenol;6VXX:A;;;
Cucurbitins;YP_009725307.1;;;
Cucurbitins;K4LC41_9BETC;;;
Cucurbitins;PLpro_SARS-CoV-2;;;
Cucurbitins;6LU7:A;;;
Cucurbitins;6M0J:A;;;
Cucurbitins;6LZG:A;;;
Cucurbitins;6VSB:A;;;
Cucurbitins;6VXX:A;;;
Cucurbitane;YP_009725307.1;;;
Cucurbitane;K4LC41_9BETC;;;
Cucurbitane;PLpro_SARS-CoV-2;;;
Cucurbitane;6LU7:A;;;
Cucurbitane;6M0J:A;;;
Cucurbitane;6LZG:A;;;
Cucurbitane;6VSB:A;;;
Cucurbitane;6VXX:A;;;
Cucurbitacin s;YP_009725307.1;;;
Cucurbitacin s;K4LC41_9BETC;;;
Cucurbitacin s;PLpro_SARS-CoV-2;;;
Cucurbitacin s;6LU7:A;;;
Cucurbitacin s;6M0J:A;;;
Cucurbitacin s;6LZG:A;;;
Cucurbitacin s;6VSB:A;;;
Cucurbitacin s;6VXX:A;;;
Cucurbitacin r;YP_009725307.1;;;
Cucurbitacin r;K4LC41_9BETC;;;
Cucurbitacin r;PLpro_SARS-CoV-2;;;
Cucurbitacin r;6LU7:A;;;
Cucurbitacin r;6M0J:A;;;
Cucurbitacin r;6LZG:A;;;
Cucurbitacin r;6VSB:A;;;
Cucurbitacin r;6VXX:A;;;
Cucurbitacin q;YP_009725307.1;;;
Cucurbitacin q;K4LC41_9BETC;;;
Cucurbitacin q;PLpro_SARS-CoV-2;;;
Cucurbitacin q;6LU7:A;;;
Cucurbitacin q;6M0J:A;;;
Cucurbitacin q;6LZG:A;;;
Cucurbitacin q;6VSB:A;;;
Cucurbitacin q;6VXX:A;;;
Cucurbitacin p;YP_009725307.1;;;
Cucurbitacin p;K4LC41_9BETC;;;
Cucurbitacin p;PLpro_SARS-CoV-2;;;
Cucurbitacin p;6LU7:A;;;
Cucurbitacin p;6M0J:A;;;
Cucurbitacin p;6LZG:A;;;
Cucurbitacin p;6VSB:A;;;
Cucurbitacin p;6VXX:A;;;
Cucurbitacin o;YP_009725307.1;;;
Cucurbitacin o;K4LC41_9BETC;;;
Cucurbitacin o;PLpro_SARS-CoV-2;;;
Cucurbitacin o;6LU7:A;;;
Cucurbitacin o;6M0J:A;;;
Cucurbitacin o;6LZG:A;;;
Cucurbitacin o;6VSB:A;;;
Cucurbitacin o;6VXX:A;;;
Cucurbitacin l;YP_009725307.1;;;
Cucurbitacin l;K4LC41_9BETC;;;
Cucurbitacin l;PLpro_SARS-CoV-2;;;
Cucurbitacin l;6LU7:A;;;
Cucurbitacin l;6M0J:A;;;
Cucurbitacin l;6LZG:A;;;
Cucurbitacin l;6VSB:A;;;
Cucurbitacin l;6VXX:A;;;
Cucurbitacin k;YP_009725307.1;;;
Cucurbitacin k;K4LC41_9BETC;;;
Cucurbitacin k;PLpro_SARS-CoV-2;;;
Cucurbitacin k;6LU7:A;;;
Cucurbitacin k;6M0J:A;;;
Cucurbitacin k;6LZG:A;;;
Cucurbitacin k;6VSB:A;;;
Cucurbitacin k;6VXX:A;;;
Cucurbitacin j;YP_009725307.1;;;
Cucurbitacin j;K4LC41_9BETC;;;
Cucurbitacin j;PLpro_SARS-CoV-2;;;
Cucurbitacin j;6LU7:A;;;
Cucurbitacin j;6M0J:A;;;
Cucurbitacin j;6LZG:A;;;
Cucurbitacin j;6VSB:A;;;
Cucurbitacin j;6VXX:A;;;
Cucurbitacin i;YP_009725307.1;;;
Cucurbitacin i;K4LC41_9BETC;;;
Cucurbitacin i;PLpro_SARS-CoV-2;;;
Cucurbitacin i;6LU7:A;;;
Cucurbitacin i;6M0J:A;;;
Cucurbitacin i;6LZG:A;;;
Cucurbitacin i;6VSB:A;;;
Cucurbitacin i;6VXX:A;;;
Cucurbitacin g/h;YP_009725307.1;;;
Cucurbitacin g/h;K4LC41_9BETC;;;
Cucurbitacin g/h;PLpro_SARS-CoV-2;;;
Cucurbitacin g/h;6LU7:A;;;
Cucurbitacin g/h;6M0J:A;;;
Cucurbitacin g/h;6LZG:A;;;
Cucurbitacin g/h;6VSB:A;;;
Cucurbitacin g/h;6VXX:A;;;
Cucurbitacin f;YP_009725307.1;;;
Cucurbitacin f;K4LC41_9BETC;;;
Cucurbitacin f;PLpro_SARS-CoV-2;;;
Cucurbitacin f;6LU7:A;;;
Cucurbitacin f;6M0J:A;;;
Cucurbitacin f;6LZG:A;;;
Cucurbitacin f;6VSB:A;;;
Cucurbitacin f;6VXX:A;;;
Cucurbitacin e;YP_009725307.1;;;
Cucurbitacin e;K4LC41_9BETC;;;
Cucurbitacin e;PLpro_SARS-CoV-2;;;
Cucurbitacin e;6LU7:A;;;
Cucurbitacin e;6M0J:A;;;
Cucurbitacin e;6LZG:A;;;
Cucurbitacin e;6VSB:A;;;
Cucurbitacin e;6VXX:A;;;
Cucurbitacin d;YP_009725307.1;;;
Cucurbitacin d;K4LC41_9BETC;;;
Cucurbitacin d;PLpro_SARS-CoV-2;;;
Cucurbitacin d;6LU7:A;;;
Cucurbitacin d;6M0J:A;;;
Cucurbitacin d;6LZG:A;;;
Cucurbitacin d;6VSB:A;;;
Cucurbitacin d;6VXX:A;;;
Cucurbitacin c;YP_009725307.1;;;
Cucurbitacin c;K4LC41_9BETC;;;
Cucurbitacin c;PLpro_SARS-CoV-2;;;
Cucurbitacin c;6LU7:A;;;
Cucurbitacin c;6M0J:A;;;
Cucurbitacin c;6LZG:A;;;
Cucurbitacin c;6VSB:A;;;
Cucurbitacin c;6VXX:A;;;
Cucurbitacin b;YP_009725307.1;;;
Cucurbitacin b;K4LC41_9BETC;;;
Cucurbitacin b;PLpro_SARS-CoV-2;;;
Cucurbitacin b;6LU7:A;;;
Cucurbitacin b;6M0J:A;;;
Cucurbitacin b;6LZG:A;;;
Cucurbitacin b;6VSB:A;;;
Cucurbitacin b;6VXX:A;;;
Cucurbitacin a;YP_009725307.1;;;
Cucurbitacin a;K4LC41_9BETC;;;
Cucurbitacin a;PLpro_SARS-CoV-2;;;
Cucurbitacin a;6LU7:A;;;
Cucurbitacin a;6M0J:A;;;
Cucurbitacin a;6LZG:A;;;
Cucurbitacin a;6VSB:A;;;
Cucurbitacin a;6VXX:A;;;
Cryptoxanthin;YP_009725307.1;;;
Cryptoxanthin;K4LC41_9BETC;;;
Cryptoxanthin;PLpro_SARS-CoV-2;;;
Cryptoxanthin;6LU7:A;;;
Cryptoxanthin;6M0J:A;;;
Cryptoxanthin;6LZG:A;;;
Cryptoxanthin;6VSB:A;;;
Cryptoxanthin;6VXX:A;;;
Charine;YP_009725307.1;;;
Charine;K4LC41_9BETC;;;
Charine;PLpro_SARS-CoV-2;;;
Charine;6LU7:A;;;
Charine;6M0J:A;;;
Charine;6LZG:A;;;
Charine;6VSB:A;;;
Charine;6VXX:A;;;
Charantin;YP_009725307.1;;;
Charantin;K4LC41_9BETC;;;
Charantin;PLpro_SARS-CoV-2;;;
Charantin;6LU7:A;;;
Charantin;6M0J:A;;;
Charantin;6LZG:A;;;
Charantin;6VSB:A;;;
Charantin;6VXX:A;;;
Berberine2;YP_009725307.1;;;
Berberine2;K4LC41_9BETC;;;
Berberine2;PLpro_SARS-CoV-2;;;
Berberine2;6LU7:A;;;
Berberine2;6M0J:A;;;
Berberine2;6LZG:A;;;
Berberine2;6VSB:A;;;
Berberine2;6VXX:A;;;
Andrographolide;YP_009725307.1;;;
Andrographolide;K4LC41_9BETC;;;
Andrographolide;PLpro_SARS-CoV-2;;;
Andrographolide;6LU7:A;;;
Andrographolide;6M0J:A;;;
Andrographolide;6LZG:A;;;
Andrographolide;6VSB:A;;;
Andrographolide;6VXX:A;;;
Andrographolide type 4;YP_009725307.1;;;
Andrographolide type 4;K4LC41_9BETC;;;
Andrographolide type 4;PLpro_SARS-CoV-2;;;
Andrographolide type 4;6LU7:A;;;
Andrographolide type 4;6M0J:A;;;
Andrographolide type 4;6LZG:A;;;
Andrographolide type 4;6VSB:A;;;
Andrographolide type 4;6VXX:A;;;
Andrographolide type 3;YP_009725307.1;;;
Andrographolide type 3;K4LC41_9BETC;;;
Andrographolide type 3;PLpro_SARS-CoV-2;;;
Andrographolide type 3;6LU7:A;;;
Andrographolide type 3;6M0J:A;;;
Andrographolide type 3;6LZG:A;;;
Andrographolide type 3;6VSB:A;;;
Andrographolide type 3;6VXX:A;;;
Andrographolide type 2;YP_009725307.1;;;
Andrographolide type 2;K4LC41_9BETC;;;
Andrographolide type 2;PLpro_SARS-CoV-2;;;
Andrographolide type 2;6LU7:A;;;
Andrographolide type 2;6M0J:A;;;
Andrographolide type 2;6LZG:A;;;
Andrographolide type 2;6VSB:A;;;
Andrographolide type 2;6VXX:A;;;
Aloin;YP_009725307.1;;;
Aloin;K4LC41_9BETC;;;
Aloin;PLpro_SARS-CoV-2;;;
Aloin;6LU7:A;;;
Aloin;6M0J:A;;;
Aloin;6LZG:A;;;
Aloin;6VSB:A;;;
Aloin;6VXX:A;;;
14-deoxy-11-oxoandrographolide;YP_009725307.1;;;
14-deoxy-11-oxoandrographolide;K4LC41_9BETC;;;
14-deoxy-11-oxoandrographolide;PLpro_SARS-CoV-2;;;
14-deoxy-11-oxoandrographolide;6LU7:A;;;
14-deoxy-11-oxoandrographolide;6M0J:A;;;
14-deoxy-11-oxoandrographolide;6LZG:A;;;
14-deoxy-11-oxoandrographolide;6VSB:A;;;
14-deoxy-11-oxoandrographolide;6VXX:A;;;
14-deoxy-11;12-didehydroandrographolide2;YP_009725307.1;;
14-deoxy-11;12-didehydroandrographolide2;K4LC41_9BETC;;
14-deoxy-11;12-didehydroandrographolide2;PLpro_SARS-CoV-2;;
14-deoxy-11;12-didehydroandrographolide2;6LU7:A;;
14-deoxy-11;12-didehydroandrographolide2;6M0J:A;;
14-deoxy-11;12-didehydroandrographolide2;6LZG:A;;
14-deoxy-11;12-didehydroandrographolide2;6VSB:A;;
14-deoxy-11;12-didehydroandrographolide2;6VXX:A;;
11-hydroxymutakone;YP_009725307.1;;;
11-hydroxymutakone;K4LC41_9BETC;;;
11-hydroxymutakone;PLpro_SARS-CoV-2;;;
11-hydroxymutakone;6LU7:A;;;
11-hydroxymutakone;6M0J:A;;;
11-hydroxymutakone;6LZG:A;;;
11-hydroxymutakone;6VSB:A;;;
11-hydroxymutakone;6VXX:A;;;
