;com;prot
0;Tetrahydroxyflavone;YP_009725307.1
0;Tetrahydroxyflavone;K4LC41_9BETC
0;Tetrahydroxyflavone;PLpro_SARS-CoV-2
0;Tetrahydroxyflavone;6LU7:A
0;Tetrahydroxyflavone;6M0J:A
0;Tetrahydroxyflavone;6LZG:A
0;Tetrahydroxyflavone;6VSB:A
0;Tetrahydroxyflavone;6VXX:A
0;Rhamnetin;YP_009725307.1
0;Rhamnetin;K4LC41_9BETC
0;Rhamnetin;PLpro_SARS-CoV-2
0;Rhamnetin;6LU7:A
0;Rhamnetin;6M0J:A
0;Rhamnetin;6LZG:A
0;Rhamnetin;6VSB:A
0;Rhamnetin;6VXX:A
0;Psoralen;YP_009725307.1
0;Psoralen;K4LC41_9BETC
0;Psoralen;PLpro_SARS-CoV-2
0;Psoralen;6LU7:A
0;Psoralen;6M0J:A
0;Psoralen;6LZG:A
0;Psoralen;6VSB:A
0;Psoralen;6VXX:A
0;Orientanol_e;YP_009725307.1
0;Orientanol_e;K4LC41_9BETC
0;Orientanol_e;PLpro_SARS-CoV-2
0;Orientanol_e;6LU7:A
0;Orientanol_e;6M0J:A
0;Orientanol_e;6LZG:A
0;Orientanol_e;6VSB:A
0;Orientanol_e;6VXX:A
0;Laurotetanine;YP_009725307.1
0;Laurotetanine;K4LC41_9BETC
0;Laurotetanine;PLpro_SARS-CoV-2
0;Laurotetanine;6LU7:A
0;Laurotetanine;6M0J:A
0;Laurotetanine;6LZG:A
0;Laurotetanine;6VSB:A
0;Laurotetanine;6VXX:A
0;Hydroxyadoxoside;YP_009725307.1
0;Hydroxyadoxoside;K4LC41_9BETC
0;Hydroxyadoxoside;PLpro_SARS-CoV-2
0;Hydroxyadoxoside;6LU7:A
0;Hydroxyadoxoside;6M0J:A
0;Hydroxyadoxoside;6LZG:A
0;Hydroxyadoxoside;6VSB:A
0;Hydroxyadoxoside;6VXX:A
0;Glucosinolate;YP_009725307.1
0;Glucosinolate;K4LC41_9BETC
0;Glucosinolate;PLpro_SARS-CoV-2
0;Glucosinolate;6LU7:A
0;Glucosinolate;6M0J:A
0;Glucosinolate;6LZG:A
0;Glucosinolate;6VSB:A
0;Glucosinolate;6VXX:A
0;Ermanin;YP_009725307.1
0;Ermanin;K4LC41_9BETC
0;Ermanin;PLpro_SARS-CoV-2
0;Ermanin;6LU7:A
0;Ermanin;6M0J:A
0;Ermanin;6LZG:A
0;Ermanin;6VSB:A
0;Ermanin;6VXX:A
1;ß-pinene;YP_009725307.1
1;ß-pinene;K4LC41_9BETC
1;ß-pinene;PLpro_SARS-CoV-2
0;ß-pinene;6LU7:A
0;ß-pinene;6M0J:A
0;ß-pinene;6LZG:A
0;ß-pinene;6VSB:A
0;ß-pinene;6VXX:A
1;ß-caryophyllene;YP_009725307.1
1;ß-caryophyllene;K4LC41_9BETC
1;ß-caryophyllene;PLpro_SARS-CoV-2
0;ß-caryophyllene;6LU7:A
0;ß-caryophyllene;6M0J:A
0;ß-caryophyllene;6LZG:A
0;ß-caryophyllene;6VSB:A
0;ß-caryophyllene;6VXX:A
1;A-thujene;YP_009725307.1
1;A-thujene;K4LC41_9BETC
1;A-thujene;PLpro_SARS-CoV-2
0;A-thujene;6LU7:A
0;A-thujene;6M0J:A
0;A-thujene;6LZG:A
0;A-thujene;6VSB:A
0;A-thujene;6VXX:A
1;A-terpinene;YP_009725307.1
1;A-terpinene;K4LC41_9BETC
1;A-terpinene;PLpro_SARS-CoV-2
0;A-terpinene;6LU7:A
0;A-terpinene;6M0J:A
0;A-terpinene;6LZG:A
0;A-terpinene;6VSB:A
0;A-terpinene;6VXX:A
1;A-pinene;YP_009725307.1
1;A-pinene;K4LC41_9BETC
1;A-pinene;PLpro_SARS-CoV-2
0;A-pinene;6LU7:A
0;A-pinene;6M0J:A
0;A-pinene;6LZG:A
0;A-pinene;6VSB:A
0;A-pinene;6VXX:A
1;Y-mangostin;YP_009725307.1
1;Y-mangostin;K4LC41_9BETC
1;Y-mangostin;PLpro_SARS-CoV-2
0;Y-mangostin;6LU7:A
0;Y-mangostin;6M0J:A
0;Y-mangostin;6LZG:A
0;Y-mangostin;6VSB:A
1;Y-mangostin;6VXX:A
1;Ylangene;YP_009725307.1
1;Ylangene;K4LC41_9BETC
1;Ylangene;PLpro_SARS-CoV-2
0;Ylangene;6LU7:A
0;Ylangene;6M0J:A
0;Ylangene;6LZG:A
0;Ylangene;6VSB:A
0;Ylangene;6VXX:A
1;Y-cardinene;YP_009725307.1
1;Y-cardinene;K4LC41_9BETC
1;Y-cardinene;PLpro_SARS-CoV-2
0;Y-cardinene;6LU7:A
0;Y-cardinene;6M0J:A
0;Y-cardinene;6LZG:A
0;Y-cardinene;6VSB:A
0;Y-cardinene;6VXX:A
1;Viridiflorene;YP_009725307.1
1;Viridiflorene;K4LC41_9BETC
1;Viridiflorene;PLpro_SARS-CoV-2
0;Viridiflorene;6LU7:A
0;Viridiflorene;6M0J:A
0;Viridiflorene;6LZG:A
0;Viridiflorene;6VSB:A
0;Viridiflorene;6VXX:A
0;Vicenin;YP_009725307.1
0;Vicenin;K4LC41_9BETC
0;Vicenin;PLpro_SARS-CoV-2
0;Vicenin;6LU7:A
0;Vicenin;6M0J:A
0;Vicenin;6LZG:A
0;Vicenin;6VSB:A
0;Vicenin;6VXX:A
1;Valencene;YP_009725307.1
1;Valencene;K4LC41_9BETC
1;Valencene;PLpro_SARS-CoV-2
0;Valencene;6LU7:A
0;Valencene;6M0J:A
0;Valencene;6LZG:A
0;Valencene;6VSB:A
0;Valencene;6VXX:A
0;Ursolic acid;YP_009725307.1
0;Ursolic acid;K4LC41_9BETC
0;Ursolic acid;PLpro_SARS-CoV-2
0;Ursolic acid;6LU7:A
0;Ursolic acid;6M0J:A
0;Ursolic acid;6LZG:A
0;Ursolic acid;6VSB:A
0;Ursolic acid;6VXX:A
0;Tovophyllin b;YP_009725307.1
0;Tovophyllin b;K4LC41_9BETC
0;Tovophyllin b;PLpro_SARS-CoV-2
0;Tovophyllin b;6LU7:A
0;Tovophyllin b;6M0J:A
0;Tovophyllin b;6LZG:A
0;Tovophyllin b;6VSB:A
0;Tovophyllin b;6VXX:A
0;Tinosporaside;YP_009725307.1
0;Tinosporaside;K4LC41_9BETC
0;Tinosporaside;PLpro_SARS-CoV-2
0;Tinosporaside;6LU7:A
0;Tinosporaside;6M0J:A
0;Tinosporaside;6LZG:A
0;Tinosporaside;6VSB:A
0;Tinosporaside;6VXX:A
0;Tinocordiside;YP_009725307.1
0;Tinocordiside;K4LC41_9BETC
0;Tinocordiside;PLpro_SARS-CoV-2
0;Tinocordiside;6LU7:A
0;Tinocordiside;6M0J:A
0;Tinocordiside;6LZG:A
0;Tinocordiside;6VSB:A
0;Tinocordiside;6VXX:A
1;Thymoquinone;YP_009725307.1
0;Thymoquinone;K4LC41_9BETC
0;Thymoquinone;PLpro_SARS-CoV-2
0;Thymoquinone;6LU7:A
0;Thymoquinone;6M0J:A
0;Thymoquinone;6LZG:A
0;Thymoquinone;6VSB:A
0;Thymoquinone;6VXX:A
1;Tetradecanol;YP_009725307.1
1;Tetradecanol;K4LC41_9BETC
1;Tetradecanol;PLpro_SARS-CoV-2
0;Tetradecanol;6LU7:A
0;Tetradecanol;6M0J:A
0;Tetradecanol;6LZG:A
0;Tetradecanol;6VSB:A
0;Tetradecanol;6VXX:A
0;Terpinyl acetate;YP_009725307.1
0;Terpinyl acetate;K4LC41_9BETC
0;Terpinyl acetate;PLpro_SARS-CoV-2
0;Terpinyl acetate;6LU7:A
0;Terpinyl acetate;6M0J:A
0;Terpinyl acetate;6LZG:A
0;Terpinyl acetate;6VSB:A
0;Terpinyl acetate;6VXX:A
1;Terpinolene;YP_009725307.1
1;Terpinolene;K4LC41_9BETC
1;Terpinolene;PLpro_SARS-CoV-2
0;Terpinolene;6LU7:A
0;Terpinolene;6M0J:A
0;Terpinolene;6LZG:A
0;Terpinolene;6VSB:A
0;Terpinolene;6VXX:A
1;Tartaric acid;YP_009725307.1
1;Tartaric acid;K4LC41_9BETC
1;Tartaric acid;PLpro_SARS-CoV-2
0;Tartaric acid;6LU7:A
0;Tartaric acid;6M0J:A
0;Tartaric acid;6LZG:A
0;Tartaric acid;6VSB:A
0;Tartaric acid;6VXX:A
0;Syringin;YP_009725307.1
0;Syringin;K4LC41_9BETC
0;Syringin;PLpro_SARS-CoV-2
0;Syringin;6LU7:A
0;Syringin;6M0J:A
0;Syringin;6LZG:A
0;Syringin;6VSB:A
0;Syringin;6VXX:A
0;Stigmasterol-3-o-glucoside;YP_009725307.1
0;Stigmasterol-3-o-glucoside;K4LC41_9BETC
0;Stigmasterol-3-o-glucoside;PLpro_SARS-CoV-2
0;Stigmasterol-3-o-glucoside;6LU7:A
0;Stigmasterol-3-o-glucoside;6M0J:A
0;Stigmasterol-3-o-glucoside;6LZG:A
0;Stigmasterol-3-o-glucoside;6VSB:A
0;Stigmasterol-3-o-glucoside;6VXX:A
1;Sterculic acid;YP_009725307.1
1;Sterculic acid;K4LC41_9BETC
1;Sterculic acid;PLpro_SARS-CoV-2
0;Sterculic acid;6LU7:A
0;Sterculic acid;6M0J:A
0;Sterculic acid;6LZG:A
0;Sterculic acid;6VSB:A
0;Sterculic acid;6VXX:A
1;Stearic acid;YP_009725307.1
1;Stearic acid;K4LC41_9BETC
1;Stearic acid;PLpro_SARS-CoV-2
0;Stearic acid;6LU7:A
0;Stearic acid;6M0J:A
0;Stearic acid;6LZG:A
0;Stearic acid;6VSB:A
0;Stearic acid;6VXX:A
1;Spathulenol;YP_009725307.1
0;Spathulenol;K4LC41_9BETC
0;Spathulenol;PLpro_SARS-CoV-2
0;Spathulenol;6LU7:A
0;Spathulenol;6M0J:A
0;Spathulenol;6LZG:A
0;Spathulenol;6VSB:A
0;Spathulenol;6VXX:A
0;Soranjidiol;YP_009725307.1
0;Soranjidiol;K4LC41_9BETC
0;Soranjidiol;PLpro_SARS-CoV-2
0;Soranjidiol;6LU7:A
0;Soranjidiol;6M0J:A
0;Soranjidiol;6LZG:A
0;Soranjidiol;6VSB:A
0;Soranjidiol;6VXX:A
0;Sinamaldehid;YP_009725307.1
0;Sinamaldehid;K4LC41_9BETC
0;Sinamaldehid;PLpro_SARS-CoV-2
0;Sinamaldehid;6LU7:A
0;Sinamaldehid;6M0J:A
0;Sinamaldehid;6LZG:A
0;Sinamaldehid;6VSB:A
0;Sinamaldehid;6VXX:A
0;Secoisolariciresinol;YP_009725307.1
0;Secoisolariciresinol;K4LC41_9BETC
0;Secoisolariciresinol;PLpro_SARS-CoV-2
0;Secoisolariciresinol;6LU7:A
0;Secoisolariciresinol;6M0J:A
0;Secoisolariciresinol;6LZG:A
0;Secoisolariciresinol;6VSB:A
0;Secoisolariciresinol;6VXX:A
0;Seco-isolariciresinol trimethyl ether;YP_009725307.1
0;Seco-isolariciresinol trimethyl ether;K4LC41_9BETC
0;Seco-isolariciresinol trimethyl ether;PLpro_SARS-CoV-2
0;Seco-isolariciresinol trimethyl ether;6LU7:A
0;Seco-isolariciresinol trimethyl ether;6M0J:A
0;Seco-isolariciresinol trimethyl ether;6LZG:A
0;Seco-isolariciresinol trimethyl ether;6VSB:A
0;Seco-isolariciresinol trimethyl ether;6VXX:A
0;Seco-4-hydroxy lintetralin;YP_009725307.1
0;Seco-4-hydroxy lintetralin;K4LC41_9BETC
0;Seco-4-hydroxy lintetralin;PLpro_SARS-CoV-2
0;Seco-4-hydroxy lintetralin;6LU7:A
0;Seco-4-hydroxy lintetralin;6M0J:A
0;Seco-4-hydroxy lintetralin;6LZG:A
0;Seco-4-hydroxy lintetralin;6VSB:A
0;Seco-4-hydroxy lintetralin;6VXX:A
0;Scopoletin;YP_009725307.1
0;Scopoletin;K4LC41_9BETC
0;Scopoletin;PLpro_SARS-CoV-2
0;Scopoletin;6LU7:A
0;Scopoletin;6M0J:A
0;Scopoletin;6LZG:A
0;Scopoletin;6VSB:A
0;Scopoletin;6VXX:A
0;Safrole;YP_009725307.1
0;Safrole;K4LC41_9BETC
0;Safrole;PLpro_SARS-CoV-2
0;Safrole;6LU7:A
0;Safrole;6M0J:A
0;Safrole;6LZG:A
0;Safrole;6VSB:A
0;Safrole;6VXX:A
1;Sabinene;YP_009725307.1
1;Sabinene;K4LC41_9BETC
1;Sabinene;PLpro_SARS-CoV-2
0;Sabinene;6LU7:A
0;Sabinene;6M0J:A
0;Sabinene;6LZG:A
0;Sabinene;6VSB:A
0;Sabinene;6VXX:A
0;Rutin;YP_009725307.1
0;Rutin;K4LC41_9BETC
0;Rutin;PLpro_SARS-CoV-2
0;Rutin;6LU7:A
0;Rutin;6M0J:A
0;Rutin;6LZG:A
0;Rutin;6VSB:A
0;Rutin;6VXX:A
0;Rubiadin;YP_009725307.1
0;Rubiadin;K4LC41_9BETC
0;Rubiadin;PLpro_SARS-CoV-2
0;Rubiadin;6LU7:A
0;Rubiadin;6M0J:A
0;Rubiadin;6LZG:A
0;Rubiadin;6VSB:A
0;Rubiadin;6VXX:A
0;Rubiadin 1-methyl ether;YP_009725307.1
0;Rubiadin 1-methyl ether;K4LC41_9BETC
0;Rubiadin 1-methyl ether;PLpro_SARS-CoV-2
0;Rubiadin 1-methyl ether;6LU7:A
0;Rubiadin 1-methyl ether;6M0J:A
0;Rubiadin 1-methyl ether;6LZG:A
0;Rubiadin 1-methyl ether;6VSB:A
0;Rubiadin 1-methyl ether;6VXX:A
0;Ruberythric acid;YP_009725307.1
0;Ruberythric acid;K4LC41_9BETC
0;Ruberythric acid;PLpro_SARS-CoV-2
0;Ruberythric acid;6LU7:A
0;Ruberythric acid;6M0J:A
0;Ruberythric acid;6LZG:A
0;Ruberythric acid;6VSB:A
0;Ruberythric acid;6VXX:A
0;Ricinoleic acid;YP_009725307.1
0;Ricinoleic acid;K4LC41_9BETC
0;Ricinoleic acid;PLpro_SARS-CoV-2
0;Ricinoleic acid;6LU7:A
0;Ricinoleic acid;6M0J:A
0;Ricinoleic acid;6LZG:A
0;Ricinoleic acid;6VSB:A
0;Ricinoleic acid;6VXX:A
0;Repandusinic acid;YP_009725307.1
0;Repandusinic acid;K4LC41_9BETC
0;Repandusinic acid;PLpro_SARS-CoV-2
0;Repandusinic acid;6LU7:A
0;Repandusinic acid;6M0J:A
0;Repandusinic acid;6LZG:A
0;Repandusinic acid;6VSB:A
0;Repandusinic acid;6VXX:A
0;Quercitrin;YP_009725307.1
0;Quercitrin;K4LC41_9BETC
0;Quercitrin;PLpro_SARS-CoV-2
0;Quercitrin;6LU7:A
0;Quercitrin;6M0J:A
0;Quercitrin;6LZG:A
0;Quercitrin;6VSB:A
0;Quercitrin;6VXX:A
0;Quercetin-3-o-rhamnoside;YP_009725307.1
0;Quercetin-3-o-rhamnoside;K4LC41_9BETC
0;Quercetin-3-o-rhamnoside;PLpro_SARS-CoV-2
0;Quercetin-3-o-rhamnoside;6LU7:A
0;Quercetin-3-o-rhamnoside;6M0J:A
0;Quercetin-3-o-rhamnoside;6LZG:A
0;Quercetin-3-o-rhamnoside;6VSB:A
0;Quercetin-3-o-rhamnoside;6VXX:A
0;Quercetin;YP_009725307.1
0;Quercetin;K4LC41_9BETC
0;Quercetin;PLpro_SARS-CoV-2
0;Quercetin;6LU7:A
0;Quercetin;6M0J:A
0;Quercetin;6LZG:A
0;Quercetin;6VSB:A
0;Quercetin;6VXX:A
0;Pyrocathecol;YP_009725307.1
0;Pyrocathecol;K4LC41_9BETC
0;Pyrocathecol;PLpro_SARS-CoV-2
0;Pyrocathecol;6LU7:A
0;Pyrocathecol;6M0J:A
0;Pyrocathecol;6LZG:A
0;Pyrocathecol;6VSB:A
0;Pyrocathecol;6VXX:A
0;Protocatechuic acid;YP_009725307.1
0;Protocatechuic acid;K4LC41_9BETC
0;Protocatechuic acid;PLpro_SARS-CoV-2
0;Protocatechuic acid;6LU7:A
0;Protocatechuic acid;6M0J:A
0;Protocatechuic acid;6LZG:A
0;Protocatechuic acid;6VSB:A
0;Protocatechuic acid;6VXX:A
1;Propionic acid;YP_009725307.1
1;Propionic acid;K4LC41_9BETC
1;Propionic acid;PLpro_SARS-CoV-2
0;Propionic acid;6LU7:A
0;Propionic acid;6M0J:A
0;Propionic acid;6LZG:A
0;Propionic acid;6VSB:A
0;Propionic acid;6VXX:A
0;Proanthocyanidin a2;YP_009725307.1
0;Proanthocyanidin a2;K4LC41_9BETC
0;Proanthocyanidin a2;PLpro_SARS-CoV-2
0;Proanthocyanidin a2;6LU7:A
0;Proanthocyanidin a2;6M0J:A
0;Proanthocyanidin a2;6LZG:A
0;Proanthocyanidin a2;6VSB:A
0;Proanthocyanidin a2;6VXX:A
1;Piperitone;YP_009725307.1
0;Piperitone;K4LC41_9BETC
0;Piperitone;PLpro_SARS-CoV-2
0;Piperitone;6LU7:A
0;Piperitone;6M0J:A
0;Piperitone;6LZG:A
0;Piperitone;6VSB:A
0;Piperitone;6VXX:A
0;Physcione;YP_009725307.1
0;Physcione;K4LC41_9BETC
0;Physcione;PLpro_SARS-CoV-2
0;Physcione;6LU7:A
0;Physcione;6M0J:A
0;Physcione;6LZG:A
0;Physcione;6VSB:A
0;Physcione;6VXX:A
0;Phyltetralin;YP_009725307.1
0;Phyltetralin;K4LC41_9BETC
0;Phyltetralin;PLpro_SARS-CoV-2
0;Phyltetralin;6LU7:A
0;Phyltetralin;6M0J:A
0;Phyltetralin;6LZG:A
0;Phyltetralin;6VSB:A
0;Phyltetralin;6VXX:A
0;Phylnirurin;YP_009725307.1
0;Phylnirurin;K4LC41_9BETC
0;Phylnirurin;PLpro_SARS-CoV-2
0;Phylnirurin;6LU7:A
0;Phylnirurin;6M0J:A
0;Phylnirurin;6LZG:A
0;Phylnirurin;6VSB:A
0;Phylnirurin;6VXX:A
0;Phyllanthin;YP_009725307.1
0;Phyllanthin;K4LC41_9BETC
0;Phyllanthin;PLpro_SARS-CoV-2
0;Phyllanthin;6LU7:A
0;Phyllanthin;6M0J:A
0;Phyllanthin;6LZG:A
0;Phyllanthin;6VSB:A
0;Phyllanthin;6VXX:A
1;Phellandre;YP_009725307.1
1;Phellandre;K4LC41_9BETC
1;Phellandre;PLpro_SARS-CoV-2
0;Phellandre;6LU7:A
0;Phellandre;6M0J:A
0;Phellandre;6LZG:A
0;Phellandre;6VSB:A
0;Phellandre;6VXX:A
0;Petunidin-3-gentiobioside;YP_009725307.1
0;Petunidin-3-gentiobioside;K4LC41_9BETC
0;Petunidin-3-gentiobioside;PLpro_SARS-CoV-2
0;Petunidin-3-gentiobioside;6LU7:A
0;Petunidin-3-gentiobioside;6M0J:A
0;Petunidin-3-gentiobioside;6LZG:A
0;Petunidin-3-gentiobioside;6VSB:A
0;Petunidin-3-gentiobioside;6VXX:A
0;Petunidin;YP_009725307.1
0;Petunidin;K4LC41_9BETC
0;Petunidin;PLpro_SARS-CoV-2
0;Petunidin;6LU7:A
0;Petunidin;6M0J:A
0;Petunidin;6LZG:A
0;Petunidin;6VSB:A
0;Petunidin;6VXX:A
1;Pelargonic acid;YP_009725307.1
1;Pelargonic acid;K4LC41_9BETC
1;Pelargonic acid;PLpro_SARS-CoV-2
0;Pelargonic acid;6LU7:A
0;Pelargonic acid;6M0J:A
0;Pelargonic acid;6LZG:A
0;Pelargonic acid;6VSB:A
0;Pelargonic acid;6VXX:A
0;P-cymene;YP_009725307.1
0;P-cymene;K4LC41_9BETC
0;P-cymene;PLpro_SARS-CoV-2
0;P-cymene;6LU7:A
0;P-cymene;6M0J:A
0;P-cymene;6LZG:A
0;P-cymene;6VSB:A
0;P-cymene;6VXX:A
0;P-coumaric acid;YP_009725307.1
0;P-coumaric acid;K4LC41_9BETC
0;P-coumaric acid;PLpro_SARS-CoV-2
0;P-coumaric acid;6LU7:A
0;P-coumaric acid;6M0J:A
0;P-coumaric acid;6LZG:A
0;P-coumaric acid;6VSB:A
0;P-coumaric acid;6VXX:A
1;Palmitoleic acid;YP_009725307.1
0;Palmitoleic acid;K4LC41_9BETC
0;Palmitoleic acid;PLpro_SARS-CoV-2
0;Palmitoleic acid;6LU7:A
0;Palmitoleic acid;6M0J:A
0;Palmitoleic acid;6LZG:A
0;Palmitoleic acid;6VSB:A
0;Palmitoleic acid;6VXX:A
1;Palmitic acid;YP_009725307.1
1;Palmitic acid;K4LC41_9BETC
1;Palmitic acid;PLpro_SARS-CoV-2
0;Palmitic acid;6LU7:A
0;Palmitic acid;6M0J:A
0;Palmitic acid;6LZG:A
0;Palmitic acid;6VSB:A
0;Palmitic acid;6VXX:A
0;Palmatine;YP_009725307.1
0;Palmatine;K4LC41_9BETC
0;Palmatine;PLpro_SARS-CoV-2
0;Palmatine;6LU7:A
0;Palmatine;6M0J:A
0;Palmatine;6LZG:A
0;Palmatine;6VSB:A
0;Palmatine;6VXX:A
1;Oxalic acid;YP_009725307.1
1;Oxalic acid;K4LC41_9BETC
1;Oxalic acid;PLpro_SARS-CoV-2
0;Oxalic acid;6LU7:A
0;Oxalic acid;6M0J:A
0;Oxalic acid;6LZG:A
0;Oxalic acid;6VSB:A
0;Oxalic acid;6VXX:A
1;Oleic acid;YP_009725307.1
0;Oleic acid;K4LC41_9BETC
0;Oleic acid;PLpro_SARS-CoV-2
0;Oleic acid;6LU7:A
0;Oleic acid;6M0J:A
0;Oleic acid;6LZG:A
0;Oleic acid;6VSB:A
0;Oleic acid;6VXX:A
0;Oleanolic acid;YP_009725307.1
0;Oleanolic acid;K4LC41_9BETC
0;Oleanolic acid;PLpro_SARS-CoV-2
0;Oleanolic acid;6LU7:A
0;Oleanolic acid;6M0J:A
0;Oleanolic acid;6LZG:A
0;Oleanolic acid;6VSB:A
0;Oleanolic acid;6VXX:A
0;N-transferuloltyramine;YP_009725307.1
0;N-transferuloltyramine;K4LC41_9BETC
0;N-transferuloltyramine;PLpro_SARS-CoV-2
0;N-transferuloltyramine;6LU7:A
0;N-transferuloltyramine;6M0J:A
0;N-transferuloltyramine;6LZG:A
0;N-transferuloltyramine;6VSB:A
0;N-transferuloltyramine;6VXX:A
0;Nor-securin;YP_009725307.1
0;Nor-securin;K4LC41_9BETC
0;Nor-securin;PLpro_SARS-CoV-2
0;Nor-securin;6LU7:A
0;Nor-securin;6M0J:A
0;Nor-securin;6LZG:A
0;Nor-securin;6VSB:A
0;Nor-securin;6VXX:A
1;Nonanal;YP_009725307.1
1;Nonanal;K4LC41_9BETC
1;Nonanal;PLpro_SARS-CoV-2
0;Nonanal;6LU7:A
0;Nonanal;6M0J:A
0;Nonanal;6LZG:A
0;Nonanal;6VSB:A
0;Nonanal;6VXX:A
0;Nirurin;YP_009725307.1
0;Nirurin;K4LC41_9BETC
0;Nirurin;PLpro_SARS-CoV-2
0;Nirurin;6LU7:A
0;Nirurin;6M0J:A
0;Nirurin;6LZG:A
0;Nirurin;6VSB:A
0;Nirurin;6VXX:A
0;Nirtetralin;YP_009725307.1
0;Nirtetralin;K4LC41_9BETC
0;Nirtetralin;PLpro_SARS-CoV-2
0;Nirtetralin;6LU7:A
0;Nirtetralin;6M0J:A
0;Nirtetralin;6LZG:A
0;Nirtetralin;6VSB:A
0;Nirtetralin;6VXX:A
0;Nirphyllin;YP_009725307.1
0;Nirphyllin;K4LC41_9BETC
0;Nirphyllin;PLpro_SARS-CoV-2
0;Nirphyllin;6LU7:A
0;Nirphyllin;6M0J:A
0;Nirphyllin;6LZG:A
0;Nirphyllin;6VSB:A
0;Nirphyllin;6VXX:A
0;Niranthin;YP_009725307.1
0;Niranthin;K4LC41_9BETC
0;Niranthin;PLpro_SARS-CoV-2
0;Niranthin;6LU7:A
0;Niranthin;6M0J:A
0;Niranthin;6LZG:A
0;Niranthin;6VSB:A
0;Niranthin;6VXX:A
1;N-heptadecane;YP_009725307.1
1;N-heptadecane;K4LC41_9BETC
1;N-heptadecane;PLpro_SARS-CoV-2
0;N-heptadecane;6LU7:A
0;N-heptadecane;6M0J:A
0;N-heptadecane;6LZG:A
0;N-heptadecane;6VSB:A
0;N-heptadecane;6VXX:A
1;Nerolidol;YP_009725307.1
1;Nerolidol;K4LC41_9BETC
1;Nerolidol;PLpro_SARS-CoV-2
0;Nerolidol;6LU7:A
0;Nerolidol;6M0J:A
0;Nerolidol;6LZG:A
0;Nerolidol;6VSB:A
0;Nerolidol;6VXX:A
1;Nerol/geraniol;YP_009725307.1
1;Nerol/geraniol;K4LC41_9BETC
1;Nerol/geraniol;PLpro_SARS-CoV-2
0;Nerol/geraniol;6LU7:A
0;Nerol/geraniol;6M0J:A
0;Nerol/geraniol;6LZG:A
0;Nerol/geraniol;6VSB:A
0;Nerol/geraniol;6VXX:A
0;Neonirtetralin;YP_009725307.1
0;Neonirtetralin;K4LC41_9BETC
0;Neonirtetralin;PLpro_SARS-CoV-2
0;Neonirtetralin;6LU7:A
0;Neonirtetralin;6M0J:A
0;Neonirtetralin;6LZG:A
0;Neonirtetralin;6VSB:A
0;Neonirtetralin;6VXX:A
0;Neoandrographolid;YP_009725307.1
0;Neoandrographolid;K4LC41_9BETC
0;Neoandrographolid;PLpro_SARS-CoV-2
0;Neoandrographolid;6LU7:A
0;Neoandrographolid;6M0J:A
0;Neoandrographolid;6LZG:A
0;Neoandrographolid;6VSB:A
0;Neoandrographolid;6VXX:A
0;N-cisferuloyltyramine;YP_009725307.1
0;N-cisferuloyltyramine;K4LC41_9BETC
0;N-cisferuloyltyramine;PLpro_SARS-CoV-2
0;N-cisferuloyltyramine;6LU7:A
0;N-cisferuloyltyramine;6M0J:A
0;N-cisferuloyltyramine;6LZG:A
0;N-cisferuloyltyramine;6VSB:A
0;N-cisferuloyltyramine;6VXX:A
0;Naringin;YP_009725307.1
0;Naringin;K4LC41_9BETC
0;Naringin;PLpro_SARS-CoV-2
0;Naringin;6LU7:A
0;Naringin;6M0J:A
0;Naringin;6LZG:A
0;Naringin;6VSB:A
0;Naringin;6VXX:A
1;Myristic acid;YP_009725307.1
1;Myristic acid;K4LC41_9BETC
1;Myristic acid;PLpro_SARS-CoV-2
0;Myristic acid;6LU7:A
0;Myristic acid;6M0J:A
0;Myristic acid;6LZG:A
0;Myristic acid;6VSB:A
0;Myristic acid;6VXX:A
0;Myricitin;YP_009725307.1
0;Myricitin;K4LC41_9BETC
0;Myricitin;PLpro_SARS-CoV-2
0;Myricitin;6LU7:A
0;Myricitin;6M0J:A
0;Myricitin;6LZG:A
0;Myricitin;6VSB:A
0;Myricitin;6VXX:A
1;Myrcene;YP_009725307.1
1;Myrcene;K4LC41_9BETC
1;Myrcene;PLpro_SARS-CoV-2
0;Myrcene;6LU7:A
0;Myrcene;6M0J:A
0;Myrcene;6LZG:A
0;Myrcene;6VSB:A
0;Myrcene;6VXX:A
0;Morindone;YP_009725307.1
0;Morindone;K4LC41_9BETC
0;Morindone;PLpro_SARS-CoV-2
0;Morindone;6LU7:A
0;Morindone;6M0J:A
0;Morindone;6LZG:A
0;Morindone;6VSB:A
0;Morindone;6VXX:A
0;Morindin;YP_009725307.1
0;Morindin;K4LC41_9BETC
0;Morindin;PLpro_SARS-CoV-2
0;Morindin;6LU7:A
0;Morindin;6M0J:A
0;Morindin;6LZG:A
0;Morindin;6VSB:A
0;Morindin;6VXX:A
0;Morindanidrine;YP_009725307.1
0;Morindanidrine;K4LC41_9BETC
0;Morindanidrine;PLpro_SARS-CoV-2
0;Morindanidrine;6LU7:A
0;Morindanidrine;6M0J:A
0;Morindanidrine;6LZG:A
0;Morindanidrine;6VSB:A
0;Morindanidrine;6VXX:A
0;Morenone 2;YP_009725307.1
0;Morenone 2;K4LC41_9BETC
0;Morenone 2;PLpro_SARS-CoV-2
0;Morenone 2;6LU7:A
0;Morenone 2;6M0J:A
0;Morenone 2;6LZG:A
0;Morenone 2;6VSB:A
0;Morenone 2;6VXX:A
0;Morenone 1;YP_009725307.1
0;Morenone 1;K4LC41_9BETC
0;Morenone 1;PLpro_SARS-CoV-2
0;Morenone 1;6LU7:A
0;Morenone 1;6M0J:A
0;Morenone 1;6LZG:A
0;Morenone 1;6VSB:A
0;Morenone 1;6VXX:A
0;Momordol;YP_009725307.1
0;Momordol;K4LC41_9BETC
0;Momordol;PLpro_SARS-CoV-2
0;Momordol;6LU7:A
0;Momordol;6M0J:A
0;Momordol;6LZG:A
0;Momordol;6VSB:A
0;Momordol;6VXX:A
0;Momordin i;YP_009725307.1
0;Momordin i;K4LC41_9BETC
0;Momordin i;PLpro_SARS-CoV-2
0;Momordin i;6LU7:A
0;Momordin i;6M0J:A
0;Momordin i;6LZG:A
0;Momordin i;6VSB:A
0;Momordin i;6VXX:A
0;Momordin lc;YP_009725307.1
0;Momordin lc;K4LC41_9BETC
0;Momordin lc;PLpro_SARS-CoV-2
0;Momordin lc;6LU7:A
0;Momordin lc;6M0J:A
0;Momordin lc;6LZG:A
0;Momordin lc;6VSB:A
0;Momordin lc;6VXX:A
0;Momordin ib;YP_009725307.1
0;Momordin ib;K4LC41_9BETC
0;Momordin ib;PLpro_SARS-CoV-2
0;Momordin ib;6LU7:A
0;Momordin ib;6M0J:A
0;Momordin ib;6LZG:A
0;Momordin ib;6VSB:A
0;Momordin ib;6VXX:A
0;Momordicinin;YP_009725307.1
0;Momordicinin;K4LC41_9BETC
0;Momordicinin;PLpro_SARS-CoV-2
0;Momordicinin;6LU7:A
0;Momordicinin;6M0J:A
0;Momordicinin;6LZG:A
0;Momordicinin;6VSB:A
0;Momordicinin;6VXX:A
0;Momordicine 1;YP_009725307.1
0;Momordicine 1;K4LC41_9BETC
0;Momordicine 1;PLpro_SARS-CoV-2
0;Momordicine 1;6LU7:A
0;Momordicine 1;6M0J:A
0;Momordicine 1;6LZG:A
0;Momordicine 1;6VSB:A
0;Momordicine 1;6VXX:A
0;Momordicilin;YP_009725307.1
0;Momordicilin;K4LC41_9BETC
0;Momordicilin;PLpro_SARS-CoV-2
0;Momordicilin;6LU7:A
0;Momordicilin;6M0J:A
0;Momordicilin;6LZG:A
0;Momordicilin;6VSB:A
0;Momordicilin;6VXX:A
0;Momordenol;YP_009725307.1
0;Momordenol;K4LC41_9BETC
0;Momordenol;PLpro_SARS-CoV-2
0;Momordenol;6LU7:A
0;Momordenol;6M0J:A
0;Momordenol;6LZG:A
0;Momordenol;6VSB:A
0;Momordenol;6VXX:A
0;Methyl isoeugenol;YP_009725307.1
0;Methyl isoeugenol;K4LC41_9BETC
0;Methyl isoeugenol;PLpro_SARS-CoV-2
0;Methyl isoeugenol;6LU7:A
0;Methyl isoeugenol;6M0J:A
0;Methyl isoeugenol;6LZG:A
0;Methyl isoeugenol;6VSB:A
0;Methyl isoeugenol;6VXX:A
0;Methyl eugenol;YP_009725307.1
0;Methyl eugenol;K4LC41_9BETC
0;Methyl eugenol;PLpro_SARS-CoV-2
0;Methyl eugenol;6LU7:A
0;Methyl eugenol;6M0J:A
0;Methyl eugenol;6LZG:A
0;Methyl eugenol;6VSB:A
0;Methyl eugenol;6VXX:A
0;Methyl cinnamate;YP_009725307.1
0;Methyl cinnamate;K4LC41_9BETC
0;Methyl cinnamate;PLpro_SARS-CoV-2
0;Methyl cinnamate;6LU7:A
0;Methyl cinnamate;6M0J:A
0;Methyl cinnamate;6LZG:A
0;Methyl cinnamate;6VSB:A
0;Methyl cinnamate;6VXX:A
0;Methyl chavicol;YP_009725307.1
0;Methyl chavicol;K4LC41_9BETC
0;Methyl chavicol;PLpro_SARS-CoV-2
0;Methyl chavicol;6LU7:A
0;Methyl chavicol;6M0J:A
0;Methyl chavicol;6LZG:A
0;Methyl chavicol;6VSB:A
0;Methyl chavicol;6VXX:A
0;Methyl brevifolin carboxylic acid;YP_009725307.1
0;Methyl brevifolin carboxylic acid;K4LC41_9BETC
0;Methyl brevifolin carboxylic acid;PLpro_SARS-CoV-2
0;Methyl brevifolin carboxylic acid;6LU7:A
0;Methyl brevifolin carboxylic acid;6M0J:A
0;Methyl brevifolin carboxylic acid;6LZG:A
0;Methyl brevifolin carboxylic acid;6VSB:A
0;Methyl brevifolin carboxylic acid;6VXX:A
1;Mannose-6-phosphate;YP_009725307.1
1;Mannose-6-phosphate;K4LC41_9BETC
0;Mannose-6-phosphate;PLpro_SARS-CoV-2
0;Mannose-6-phosphate;6LU7:A
0;Mannose-6-phosphate;6M0J:A
0;Mannose-6-phosphate;6LZG:A
0;Mannose-6-phosphate;6VSB:A
0;Mannose-6-phosphate;6VXX:A
0;Mangostinone;YP_009725307.1
0;Mangostinone;K4LC41_9BETC
0;Mangostinone;PLpro_SARS-CoV-2
0;Mangostinone;6LU7:A
0;Mangostinone;6M0J:A
0;Mangostinone;6LZG:A
0;Mangostinone;6VSB:A
0;Mangostinone;6VXX:A
0;Mangostin;YP_009725307.1
0;Mangostin;K4LC41_9BETC
0;Mangostin;PLpro_SARS-CoV-2
0;Mangostin;6LU7:A
0;Mangostin;6M0J:A
0;Mangostin;6LZG:A
0;Mangostin;6VSB:A
0;Mangostin;6VXX:A
0;Mangostenone b;YP_009725307.1
0;Mangostenone b;K4LC41_9BETC
0;Mangostenone b;PLpro_SARS-CoV-2
0;Mangostenone b;6LU7:A
0;Mangostenone b;6M0J:A
0;Mangostenone b;6LZG:A
0;Mangostenone b;6VSB:A
0;Mangostenone b;6VXX:A
0;Mangostenone a;YP_009725307.1
0;Mangostenone a;K4LC41_9BETC
0;Mangostenone a;PLpro_SARS-CoV-2
0;Mangostenone a;6LU7:A
0;Mangostenone a;6M0J:A
0;Mangostenone a;6LZG:A
0;Mangostenone a;6VSB:A
0;Mangostenone a;6VXX:A
0;Mangostanol;YP_009725307.1
0;Mangostanol;K4LC41_9BETC
0;Mangostanol;PLpro_SARS-CoV-2
0;Mangostanol;6LU7:A
0;Mangostanol;6M0J:A
0;Mangostanol;6LZG:A
0;Mangostanol;6VSB:A
0;Mangostanol;6VXX:A
0;Mangiferin;YP_009725307.1
0;Mangiferin;K4LC41_9BETC
0;Mangiferin;PLpro_SARS-CoV-2
0;Mangiferin;6LU7:A
0;Mangiferin;6M0J:A
0;Mangiferin;6LZG:A
0;Mangiferin;6VSB:A
0;Mangiferin;6VXX:A
0;Malvidin-3-laminaribioside;YP_009725307.1
0;Malvidin-3-laminaribioside;K4LC41_9BETC
0;Malvidin-3-laminaribioside;PLpro_SARS-CoV-2
0;Malvidin-3-laminaribioside;6LU7:A
0;Malvidin-3-laminaribioside;6M0J:A
0;Malvidin-3-laminaribioside;6LZG:A
0;Malvidin-3-laminaribioside;6VSB:A
0;Malvidin-3-laminaribioside;6VXX:A
0;Malvidin;YP_009725307.1
0;Malvidin;K4LC41_9BETC
0;Malvidin;PLpro_SARS-CoV-2
0;Malvidin;6LU7:A
0;Malvidin;6M0J:A
0;Malvidin;6LZG:A
0;Malvidin;6VSB:A
0;Malvidin;6VXX:A
1;Malvalic acid;YP_009725307.1
1;Malvalic acid;K4LC41_9BETC
1;Malvalic acid;PLpro_SARS-CoV-2
0;Malvalic acid;6LU7:A
0;Malvalic acid;6M0J:A
0;Malvalic acid;6LZG:A
0;Malvalic acid;6VSB:A
0;Malvalic acid;6VXX:A
1;Malic acid;YP_009725307.1
1;Malic acid;K4LC41_9BETC
1;Malic acid;PLpro_SARS-CoV-2
0;Malic acid;6LU7:A
0;Malic acid;6M0J:A
0;Malic acid;6LZG:A
0;Malic acid;6VSB:A
0;Malic acid;6VXX:A
1;Maleic acid;YP_009725307.1
1;Maleic acid;K4LC41_9BETC
1;Maleic acid;PLpro_SARS-CoV-2
0;Maleic acid;6LU7:A
0;Maleic acid;6M0J:A
0;Maleic acid;6LZG:A
0;Maleic acid;6VSB:A
0;Maleic acid;6VXX:A
0;Magnoflorine;YP_009725307.1
0;Magnoflorine;K4LC41_9BETC
0;Magnoflorine;PLpro_SARS-CoV-2
0;Magnoflorine;6LU7:A
0;Magnoflorine;6M0J:A
0;Magnoflorine;6LZG:A
0;Magnoflorine;6VSB:A
0;Magnoflorine;6VXX:A
0;Maclurin;YP_009725307.1
0;Maclurin;K4LC41_9BETC
0;Maclurin;PLpro_SARS-CoV-2
0;Maclurin;6LU7:A
0;Maclurin;6M0J:A
0;Maclurin;6LZG:A
0;Maclurin;6VSB:A
0;Maclurin;6VXX:A
0;Lucidin;YP_009725307.1
0;Lucidin;K4LC41_9BETC
0;Lucidin;PLpro_SARS-CoV-2
0;Lucidin;6LU7:A
0;Lucidin;6M0J:A
0;Lucidin;6LZG:A
0;Lucidin;6VSB:A
0;Lucidin;6VXX:A
0;Lintetralin;YP_009725307.1
0;Lintetralin;K4LC41_9BETC
0;Lintetralin;PLpro_SARS-CoV-2
0;Lintetralin;6LU7:A
0;Lintetralin;6M0J:A
0;Lintetralin;6LZG:A
0;Lintetralin;6VSB:A
0;Lintetralin;6VXX:A
1;Linoleic acid;YP_009725307.1
0;Linoleic acid;K4LC41_9BETC
0;Linoleic acid;PLpro_SARS-CoV-2
0;Linoleic acid;6LU7:A
0;Linoleic acid;6M0J:A
0;Linoleic acid;6LZG:A
0;Linoleic acid;6VSB:A
0;Linoleic acid;6VXX:A
0;Linnanthin;YP_009725307.1
0;Linnanthin;K4LC41_9BETC
0;Linnanthin;PLpro_SARS-CoV-2
0;Linnanthin;6LU7:A
0;Linnanthin;6M0J:A
0;Linnanthin;6LZG:A
0;Linnanthin;6VSB:A
0;Linnanthin;6VXX:A
1;Linalool;YP_009725307.1
1;Linalool;K4LC41_9BETC
1;Linalool;PLpro_SARS-CoV-2
0;Linalool;6LU7:A
0;Linalool;6M0J:A
0;Linalool;6LZG:A
0;Linalool;6VSB:A
0;Linalool;6VXX:A
1;Linalool acetate;YP_009725307.1
0;Linalool acetate;K4LC41_9BETC
0;Linalool acetate;PLpro_SARS-CoV-2
0;Linalool acetate;6LU7:A
0;Linalool acetate;6M0J:A
0;Linalool acetate;6LZG:A
0;Linalool acetate;6VSB:A
0;Linalool acetate;6VXX:A
1;Limonene;YP_009725307.1
1;Limonene;K4LC41_9BETC
1;Limonene;PLpro_SARS-CoV-2
0;Limonene;6LU7:A
0;Limonene;6M0J:A
0;Limonene;6LZG:A
0;Limonene;6VSB:A
0;Limonene;6VXX:A
0;Andrographolide type 1;YP_009725307.1
0;Andrographolide type 1;K4LC41_9BETC
0;Andrographolide type 1;PLpro_SARS-CoV-2
0;Andrographolide type 1;6LU7:A
0;Andrographolide type 1;6M0J:A
0;Andrographolide type 1;6LZG:A
0;Andrographolide type 1;6VSB:A
0;Andrographolide type 1;6VXX:A
0;Andrographoside;YP_009725307.1
0;Andrographoside;K4LC41_9BETC
0;Andrographoside;PLpro_SARS-CoV-2
0;Andrographoside;6LU7:A
0;Andrographoside;6M0J:A
0;Andrographoside;6LZG:A
0;Andrographoside;6VSB:A
0;Andrographoside;6VXX:A
0;Andrographatoside;YP_009725307.1
0;Andrographatoside;K4LC41_9BETC
0;Andrographatoside;PLpro_SARS-CoV-2
0;Andrographatoside;6LU7:A
0;Andrographatoside;6M0J:A
0;Andrographatoside;6LZG:A
0;Andrographatoside;6VSB:A
0;Andrographatoside;6VXX:A
0;Andrograpanin;YP_009725307.1
0;Andrograpanin;K4LC41_9BETC
0;Andrograpanin;PLpro_SARS-CoV-2
0;Andrograpanin;6LU7:A
0;Andrograpanin;6M0J:A
0;Andrograpanin;6LZG:A
0;Andrograpanin;6VSB:A
0;Andrograpanin;6VXX:A
0;14-deoxyandrographoside;YP_009725307.1
0;14-deoxyandrographoside;K4LC41_9BETC
0;14-deoxyandrographoside;PLpro_SARS-CoV-2
0;14-deoxyandrographoside;6LU7:A
0;14-deoxyandrographoside;6M0J:A
0;14-deoxyandrographoside;6LZG:A
0;14-deoxyandrographoside;6VSB:A
0;14-deoxyandrographoside;6VXX:A
0;14-deoxy-11-oxoandrographolide;YP_009725307.1
0;14-deoxy-11-oxoandrographolide;K4LC41_9BETC
0;14-deoxy-11-oxoandrographolide;PLpro_SARS-CoV-2
0;14-deoxy-11-oxoandrographolide;6LU7:A
0;14-deoxy-11-oxoandrographolide;6M0J:A
0;14-deoxy-11-oxoandrographolide;6LZG:A
0;14-deoxy-11-oxoandrographolide;6VSB:A
0;14-deoxy-11-oxoandrographolide;6VXX:A
0;14-deoxy-11;12-didehydroandrographolide 2
0;14-deoxy-11;12-didehydroandrographolide 2
0;14-deoxy-11;12-didehydroandrographolide 2
0;14-deoxy-11;12-didehydroandrographolide 2
0;14-deoxy-11;12-didehydroandrographolide 2
0;14-deoxy-11;12-didehydroandrographolide 2
0;14-deoxy-11;12-didehydroandrographolide 2
0;14-deoxy-11;12-didehydroandrographolide 2
0;14-deoxy-11;12-didehydroandrographolide
0;14-deoxy-11;12-didehydroandrographolide
0;14-deoxy-11;12-didehydroandrographolide
0;14-deoxy-11;12-didehydroandrographolide
0;14-deoxy-11;12-didehydroandrographolide
0;14-deoxy-11;12-didehydroandrographolide
0;14-deoxy-11;12-didehydroandrographolide
0;14-deoxy-11;12-didehydroandrographolide
0;Anisaldehyde;YP_009725307.1
0;Anisaldehyde;K4LC41_9BETC
0;Anisaldehyde;PLpro_SARS-CoV-2
0;Anisaldehyde;6LU7:A
0;Anisaldehyde;6M0J:A
0;Anisaldehyde;6LZG:A
0;Anisaldehyde;6VSB:A
0;Anisaldehyde;6VXX:A
0;Ascorbic acid;YP_009725307.1
0;Ascorbic acid;K4LC41_9BETC
0;Ascorbic acid;PLpro_SARS-CoV-2
0;Ascorbic acid;6LU7:A
0;Ascorbic acid;6M0J:A
0;Ascorbic acid;6LZG:A
0;Ascorbic acid;6VSB:A
0;Ascorbic acid;6VXX:A
1;Caprylic acid;YP_009725307.1
1;Caprylic acid;K4LC41_9BETC
1;Caprylic acid;PLpro_SARS-CoV-2
0;Caprylic acid;6LU7:A
0;Caprylic acid;6M0J:A
0;Caprylic acid;6LZG:A
0;Caprylic acid;6VSB:A
0;Caprylic acid;6VXX:A
1;Citric acid;YP_009725307.1
0;Citric acid;K4LC41_9BETC
0;Citric acid;PLpro_SARS-CoV-2
0;Citric acid;6LU7:A
0;Citric acid;6M0J:A
0;Citric acid;6LZG:A
0;Citric acid;6VSB:A
0;Citric acid;6VXX:A
0;Cyanidin 3-glucoside;YP_009725307.1
0;Cyanidin 3-glucoside;K4LC41_9BETC
0;Cyanidin 3-glucoside;PLpro_SARS-CoV-2
0;Cyanidin 3-glucoside;6LU7:A
0;Cyanidin 3-glucoside;6M0J:A
0;Cyanidin 3-glucoside;6LZG:A
0;Cyanidin 3-glucoside;6VSB:A
0;Cyanidin 3-glucoside;6VXX:A
0;Cyanidin 3-xyloglucoside;YP_009725307.1
0;Cyanidin 3-xyloglucoside;K4LC41_9BETC
0;Cyanidin 3-xyloglucoside;PLpro_SARS-CoV-2
0;Cyanidin 3-xyloglucoside;6LU7:A
0;Cyanidin 3-xyloglucoside;6M0J:A
0;Cyanidin 3-xyloglucoside;6LZG:A
0;Cyanidin 3-xyloglucoside;6VSB:A
0;Cyanidin 3-xyloglucoside;6VXX:A
0;Cyanidin-3-sambubioside;YP_009725307.1
0;Cyanidin-3-sambubioside;K4LC41_9BETC
0;Cyanidin-3-sambubioside;PLpro_SARS-CoV-2
0;Cyanidin-3-sambubioside;6LU7:A
0;Cyanidin-3-sambubioside;6M0J:A
0;Cyanidin-3-sambubioside;6LZG:A
0;Cyanidin-3-sambubioside;6VSB:A
0;Cyanidin-3-sambubioside;6VXX:A
0;Delphinidin 3-sambubioside;YP_009725307.1
0;Delphinidin 3-sambubioside;K4LC41_9BETC
0;Delphinidin 3-sambubioside;PLpro_SARS-CoV-2
0;Delphinidin 3-sambubioside;6LU7:A
0;Delphinidin 3-sambubioside;6M0J:A
0;Delphinidin 3-sambubioside;6LZG:A
0;Delphinidin 3-sambubioside;6VSB:A
0;Delphinidin 3-sambubioside;6VXX:A
0;Delphinidin;YP_009725307.1
0;Delphinidin;K4LC41_9BETC
0;Delphinidin;PLpro_SARS-CoV-2
0;Delphinidin;6LU7:A
0;Delphinidin;6M0J:A
0;Delphinidin;6LZG:A
0;Delphinidin;6VSB:A
0;Delphinidin;6VXX:A
0;Delphinidin-3-glucoside;YP_009725307.1
0;Delphinidin-3-glucoside;K4LC41_9BETC
0;Delphinidin-3-glucoside;PLpro_SARS-CoV-2
0;Delphinidin-3-glucoside;6LU7:A
0;Delphinidin-3-glucoside;6M0J:A
0;Delphinidin-3-glucoside;6LZG:A
0;Delphinidin-3-glucoside;6VSB:A
0;Delphinidin-3-glucoside;6VXX:A
0;Delphinin;YP_009725307.1
0;Delphinin;K4LC41_9BETC
0;Delphinin;PLpro_SARS-CoV-2
0;Delphinin;6LU7:A
0;Delphinin;6M0J:A
0;Delphinin;6LZG:A
0;Delphinin;6VSB:A
0;Delphinin;6VXX:A
1;Formic acid;YP_009725307.1
1;Formic acid;K4LC41_9BETC
1;Formic acid;PLpro_SARS-CoV-2
0;Formic acid;6LU7:A
0;Formic acid;6M0J:A
0;Formic acid;6LZG:A
0;Formic acid;6VSB:A
0;Formic acid;6VXX:A
1;Glycolic acid;YP_009725307.1
1;Glycolic acid;K4LC41_9BETC
1;Glycolic acid;PLpro_SARS-CoV-2
0;Glycolic acid;6LU7:A
0;Glycolic acid;6M0J:A
0;Glycolic acid;6LZG:A
0;Glycolic acid;6VSB:A
0;Glycolic acid;6VXX:A
0;Gossypetin 3-glucoside;YP_009725307.1
0;Gossypetin 3-glucoside;K4LC41_9BETC
0;Gossypetin 3-glucoside;PLpro_SARS-CoV-2
0;Gossypetin 3-glucoside;6LU7:A
0;Gossypetin 3-glucoside;6M0J:A
0;Gossypetin 3-glucoside;6LZG:A
0;Gossypetin 3-glucoside;6VSB:A
0;Gossypetin 3-glucoside;6VXX:A
0;Gossypetin;YP_009725307.1
0;Gossypetin;K4LC41_9BETC
0;Gossypetin;PLpro_SARS-CoV-2
0;Gossypetin;6LU7:A
0;Gossypetin;6M0J:A
0;Gossypetin;6LZG:A
0;Gossypetin;6VSB:A
0;Gossypetin;6VXX:A
0;Hibiscetin;YP_009725307.1
0;Hibiscetin;K4LC41_9BETC
0;Hibiscetin;PLpro_SARS-CoV-2
0;Hibiscetin;6LU7:A
0;Hibiscetin;6M0J:A
0;Hibiscetin;6LZG:A
0;Hibiscetin;6VSB:A
0;Hibiscetin;6VXX:A
0;Hibiscus acid;YP_009725307.1
0;Hibiscus acid;K4LC41_9BETC
0;Hibiscus acid;PLpro_SARS-CoV-2
0;Hibiscus acid;6LU7:A
0;Hibiscus acid;6M0J:A
0;Hibiscus acid;6LZG:A
0;Hibiscus acid;6VSB:A
0;Hibiscus acid;6VXX:A
0;Blumenol a;YP_009725307.1
0;Blumenol a;K4LC41_9BETC
0;Blumenol a;PLpro_SARS-CoV-2
0;Blumenol a;6LU7:A
0;Blumenol a;6M0J:A
0;Blumenol a;6LZG:A
0;Blumenol a;6VSB:A
0;Blumenol a;6VXX:A
0;Blumenol b;YP_009725307.1
0;Blumenol b;K4LC41_9BETC
0;Blumenol b;PLpro_SARS-CoV-2
0;Blumenol b;6LU7:A
0;Blumenol b;6M0J:A
0;Blumenol b;6LZG:A
0;Blumenol b;6VSB:A
0;Blumenol b;6VXX:A
0;Ligan library pare;YP_009725307.1
0;Ligan library pare;K4LC41_9BETC
0;Ligan library pare;PLpro_SARS-CoV-2
0;Ligan library pare;6LU7:A
0;Ligan library pare;6M0J:A
0;Ligan library pare;6LZG:A
0;Ligan library pare;6VSB:A
0;Ligan library pare;6VXX:A
0;1;6-digalloyl-glucopyranoside
0;1;6-digalloyl-glucopyranoside
0;1;6-digalloyl-glucopyranoside
0;1;6-digalloyl-glucopyranoside
0;1;6-digalloyl-glucopyranoside
0;1;6-digalloyl-glucopyranoside
0;1;6-digalloyl-glucopyranoside
0;1;6-digalloyl-glucopyranoside
0;2;3-desmethoxy seco-isolintetralin diacetate
0;2;3-desmethoxy seco-isolintetralin diacetate
0;2;3-desmethoxy seco-isolintetralin diacetate
0;2;3-desmethoxy seco-isolintetralin diacetate
0;2;3-desmethoxy seco-isolintetralin diacetate
0;2;3-desmethoxy seco-isolintetralin diacetate
0;2;3-desmethoxy seco-isolintetralin diacetate
0;2;3-desmethoxy seco-isolintetralin diacetate
0;2;3-desmethoxy seco-isolintetralin
0;2;3-desmethoxy seco-isolintetralin
0;2;3-desmethoxy seco-isolintetralin
0;2;3-desmethoxy seco-isolintetralin
0;2;3-desmethoxy seco-isolintetralin
0;2;3-desmethoxy seco-isolintetralin
0;2;3-desmethoxy seco-isolintetralin
0;2;3-desmethoxy seco-isolintetralin
0;4-methoxy-nor securin;YP_009725307.1
0;4-methoxy-nor securin;K4LC41_9BETC
0;4-methoxy-nor securin;PLpro_SARS-CoV-2
0;4-methoxy-nor securin;6LU7:A
0;4-methoxy-nor securin;6M0J:A
0;4-methoxy-nor securin;6LZG:A
0;4-methoxy-nor securin;6VSB:A
0;4-methoxy-nor securin;6VXX:A
0;24-isopropyl cholesterol;YP_009725307.1
0;24-isopropyl cholesterol;K4LC41_9BETC
0;24-isopropyl cholesterol;PLpro_SARS-CoV-2
0;24-isopropyl cholesterol;6LU7:A
0;24-isopropyl cholesterol;6M0J:A
0;24-isopropyl cholesterol;6LZG:A
0;24-isopropyl cholesterol;6VSB:A
0;24-isopropyl cholesterol;6VXX:A
0;Amariin;YP_009725307.1
0;Amariin;K4LC41_9BETC
0;Amariin;PLpro_SARS-CoV-2
0;Amariin;6LU7:A
0;Amariin;6M0J:A
0;Amariin;6LZG:A
0;Amariin;6VSB:A
0;Amariin;6VXX:A
0;Amarulone;YP_009725307.1
0;Amarulone;K4LC41_9BETC
0;Amarulone;PLpro_SARS-CoV-2
0;Amarulone;6LU7:A
0;Amarulone;6M0J:A
0;Amarulone;6LZG:A
0;Amarulone;6VSB:A
0;Amarulone;6VXX:A
0;Astragalin;YP_009725307.1
0;Astragalin;K4LC41_9BETC
0;Astragalin;PLpro_SARS-CoV-2
0;Astragalin;6LU7:A
0;Astragalin;6M0J:A
0;Astragalin;6LZG:A
0;Astragalin;6VSB:A
0;Astragalin;6VXX:A
0;Beta sitosterol;YP_009725307.1
0;Beta sitosterol;K4LC41_9BETC
0;Beta sitosterol;PLpro_SARS-CoV-2
0;Beta sitosterol;6LU7:A
0;Beta sitosterol;6M0J:A
0;Beta sitosterol;6LZG:A
0;Beta sitosterol;6VSB:A
0;Beta sitosterol;6VXX:A
0;Brevifolin carboxylic acid;YP_009725307.1
0;Brevifolin carboxylic acid;K4LC41_9BETC
0;Brevifolin carboxylic acid;PLpro_SARS-CoV-2
0;Brevifolin carboxylic acid;6LU7:A
0;Brevifolin carboxylic acid;6M0J:A
0;Brevifolin carboxylic acid;6LZG:A
0;Brevifolin carboxylic acid;6VSB:A
0;Brevifolin carboxylic acid;6VXX:A
0;Corilagin;YP_009725307.1
0;Corilagin;K4LC41_9BETC
0;Corilagin;PLpro_SARS-CoV-2
0;Corilagin;6LU7:A
0;Corilagin;6M0J:A
0;Corilagin;6LZG:A
0;Corilagin;6VSB:A
0;Corilagin;6VXX:A
0;Cathecin;YP_009725307.1
0;Cathecin;K4LC41_9BETC
0;Cathecin;PLpro_SARS-CoV-2
0;Cathecin;6LU7:A
0;Cathecin;6M0J:A
0;Cathecin;6LZG:A
0;Cathecin;6VSB:A
0;Cathecin;6VXX:A
0;Demethylene dioxy niranthin;YP_009725307.1
0;Demethylene dioxy niranthin;K4LC41_9BETC
0;Demethylene dioxy niranthin;PLpro_SARS-CoV-2
0;Demethylene dioxy niranthin;6LU7:A
0;Demethylene dioxy niranthin;6M0J:A
0;Demethylene dioxy niranthin;6LZG:A
0;Demethylene dioxy niranthin;6VSB:A
0;Demethylene dioxy niranthin;6VXX:A
0;Dibenzylbutyrolactone;YP_009725307.1
0;Dibenzylbutyrolactone;K4LC41_9BETC
0;Dibenzylbutyrolactone;PLpro_SARS-CoV-2
0;Dibenzylbutyrolactone;6LU7:A
0;Dibenzylbutyrolactone;6M0J:A
0;Dibenzylbutyrolactone;6LZG:A
0;Dibenzylbutyrolactone;6VSB:A
0;Dibenzylbutyrolactone;6VXX:A
0;Ellagic acid;YP_009725307.1
0;Ellagic acid;K4LC41_9BETC
0;Ellagic acid;PLpro_SARS-CoV-2
0;Ellagic acid;6LU7:A
0;Ellagic acid;6M0J:A
0;Ellagic acid;6LZG:A
0;Ellagic acid;6VSB:A
0;Ellagic acid;6VXX:A
0;Epicathecin 3-o-gallate;YP_009725307.1
0;Epicathecin 3-o-gallate;K4LC41_9BETC
0;Epicathecin 3-o-gallate;PLpro_SARS-CoV-2
0;Epicathecin 3-o-gallate;6LU7:A
0;Epicathecin 3-o-gallate;6M0J:A
0;Epicathecin 3-o-gallate;6LZG:A
0;Epicathecin 3-o-gallate;6VSB:A
0;Epicathecin 3-o-gallate;6VXX:A
0;Epicathecin;YP_009725307.1
0;Epicathecin;K4LC41_9BETC
0;Epicathecin;PLpro_SARS-CoV-2
0;Epicathecin;6LU7:A
0;Epicathecin;6M0J:A
0;Epicathecin;6LZG:A
0;Epicathecin;6VSB:A
0;Epicathecin;6VXX:A
0;Epigallocathecin 3-o-gallate;YP_009725307.1
0;Epigallocathecin 3-o-gallate;K4LC41_9BETC
0;Epigallocathecin 3-o-gallate;PLpro_SARS-CoV-2
0;Epigallocathecin 3-o-gallate;6LU7:A
0;Epigallocathecin 3-o-gallate;6M0J:A
0;Epigallocathecin 3-o-gallate;6LZG:A
0;Epigallocathecin 3-o-gallate;6VSB:A
0;Epigallocathecin 3-o-gallate;6VXX:A
0;Epigallocathecin;YP_009725307.1
0;Epigallocathecin;K4LC41_9BETC
0;Epigallocathecin;PLpro_SARS-CoV-2
0;Epigallocathecin;6LU7:A
0;Epigallocathecin;6M0J:A
0;Epigallocathecin;6LZG:A
0;Epigallocathecin;6VSB:A
0;Epigallocathecin;6VXX:A
0;Estradiol;YP_009725307.1
0;Estradiol;K4LC41_9BETC
0;Estradiol;PLpro_SARS-CoV-2
0;Estradiol;6LU7:A
0;Estradiol;6M0J:A
0;Estradiol;6LZG:A
0;Estradiol;6VSB:A
0;Estradiol;6VXX:A
0;Ethyl brevifolin carboxylic acid;YP_009725307.1
0;Ethyl brevifolin carboxylic acid;K4LC41_9BETC
0;Ethyl brevifolin carboxylic acid;PLpro_SARS-CoV-2
0;Ethyl brevifolin carboxylic acid;6LU7:A
0;Ethyl brevifolin carboxylic acid;6M0J:A
0;Ethyl brevifolin carboxylic acid;6LZG:A
0;Ethyl brevifolin carboxylic acid;6VSB:A
0;Ethyl brevifolin carboxylic acid;6VXX:A
0;Fisetin;YP_009725307.1
0;Fisetin;K4LC41_9BETC
0;Fisetin;PLpro_SARS-CoV-2
0;Fisetin;6LU7:A
0;Fisetin;6M0J:A
0;Fisetin;6LZG:A
0;Fisetin;6VSB:A
0;Fisetin;6VXX:A
0;Furosin;YP_009725307.1
0;Furosin;K4LC41_9BETC
0;Furosin;PLpro_SARS-CoV-2
0;Furosin;6LU7:A
0;Furosin;6M0J:A
0;Furosin;6LZG:A
0;Furosin;6VSB:A
0;Furosin;6VXX:A
0;Gallic acid;YP_009725307.1
0;Gallic acid;K4LC41_9BETC
0;Gallic acid;PLpro_SARS-CoV-2
0;Gallic acid;6LU7:A
0;Gallic acid;6M0J:A
0;Gallic acid;6LZG:A
0;Gallic acid;6VSB:A
0;Gallic acid;6VXX:A
0;Gallocathecin;YP_009725307.1
0;Gallocathecin;K4LC41_9BETC
0;Gallocathecin;PLpro_SARS-CoV-2
0;Gallocathecin;6LU7:A
0;Gallocathecin;6M0J:A
0;Gallocathecin;6LZG:A
0;Gallocathecin;6VSB:A
0;Gallocathecin;6VXX:A
0;Geranin a;YP_009725307.1
0;Geranin a;K4LC41_9BETC
0;Geranin a;PLpro_SARS-CoV-2
0;Geranin a;6LU7:A
0;Geranin a;6M0J:A
0;Geranin a;6LZG:A
0;Geranin a;6VSB:A
0;Geranin a;6VXX:A
0;Geranin b;YP_009725307.1
0;Geranin b;K4LC41_9BETC
0;Geranin b;PLpro_SARS-CoV-2
0;Geranin b;6LU7:A
0;Geranin b;6M0J:A
0;Geranin b;6LZG:A
0;Geranin b;6VSB:A
0;Geranin b;6VXX:A
0;Hinokinin;YP_009725307.1
0;Hinokinin;K4LC41_9BETC
0;Hinokinin;PLpro_SARS-CoV-2
0;Hinokinin;6LU7:A
0;Hinokinin;6M0J:A
0;Hinokinin;6LZG:A
0;Hinokinin;6VSB:A
0;Hinokinin;6VXX:A
0;Hipophyllanthin;YP_009725307.1
0;Hipophyllanthin;K4LC41_9BETC
0;Hipophyllanthin;PLpro_SARS-CoV-2
0;Hipophyllanthin;6LU7:A
0;Hipophyllanthin;6M0J:A
0;Hipophyllanthin;6LZG:A
0;Hipophyllanthin;6VSB:A
0;Hipophyllanthin;6VXX:A
0;Hydroxy nirathin;YP_009725307.1
0;Hydroxy nirathin;K4LC41_9BETC
0;Hydroxy nirathin;PLpro_SARS-CoV-2
0;Hydroxy nirathin;6LU7:A
0;Hydroxy nirathin;6M0J:A
0;Hydroxy nirathin;6LZG:A
0;Hydroxy nirathin;6VSB:A
0;Hydroxy nirathin;6VXX:A
0;Isolintetralin;YP_009725307.1
0;Isolintetralin;K4LC41_9BETC
0;Isolintetralin;PLpro_SARS-CoV-2
0;Isolintetralin;6LU7:A
0;Isolintetralin;6M0J:A
0;Isolintetralin;6LZG:A
0;Isolintetralin;6VSB:A
0;Isolintetralin;6VXX:A
0;Isoquercetrin;YP_009725307.1
0;Isoquercetrin;K4LC41_9BETC
0;Isoquercetrin;PLpro_SARS-CoV-2
0;Isoquercetrin;6LU7:A
0;Isoquercetrin;6M0J:A
0;Isoquercetrin;6LZG:A
0;Isoquercetrin;6VSB:A
0;Isoquercetrin;6VXX:A
0;1;3-dihydroxy-6-methyl-anthraquinone
0;1;3-dihydroxy-6-methyl-anthraquinone
0;1;3-dihydroxy-6-methyl-anthraquinone
0;1;3-dihydroxy-6-methyl-anthraquinone
0;1;3-dihydroxy-6-methyl-anthraquinone
0;1;3-dihydroxy-6-methyl-anthraquinone
0;1;3-dihydroxy-6-methyl-anthraquinone
0;1;3-dihydroxy-6-methyl-anthraquinone
0;2-methyl-3;5
0;2-methyl-3;5
0;2-methyl-3;5
0;2-methyl-3;5
0;2-methyl-3;5
0;2-methyl-3;5
0;2-methyl-3;5
0;2-methyl-3;5
0;2-methyl-4-hydroxy-5;7-dimethylanthraquinone
0;2-methyl-4-hydroxy-5;7-dimethylanthraquinone
0;2-methyl-4-hydroxy-5;7-dimethylanthraquinone
0;2-methyl-4-hydroxy-5;7-dimethylanthraquinone
0;2-methyl-4-hydroxy-5;7-dimethylanthraquinone
0;2-methyl-4-hydroxy-5;7-dimethylanthraquinone
0;2-methyl-4-hydroxy-5;7-dimethylanthraquinone
0;2-methyl-4-hydroxy-5;7-dimethylanthraquinone
0;3-hydroxymorindone;YP_009725307.1
0;3-hydroxymorindone;K4LC41_9BETC
0;3-hydroxymorindone;PLpro_SARS-CoV-2
0;3-hydroxymorindone;6LU7:A
0;3-hydroxymorindone;6M0J:A
0;3-hydroxymorindone;6LZG:A
0;3-hydroxymorindone;6VSB:A
0;3-hydroxymorindone;6VXX:A
0;5;6-dihydroxylucidin
0;5;6-dihydroxylucidin
0;5;6-dihydroxylucidin
0;5;6-dihydroxylucidin
0;5;6-dihydroxylucidin
0;5;6-dihydroxylucidin
0;5;6-dihydroxylucidin
0;5;6-dihydroxylucidin
0;8-hydroxy-8-methoxy-2-methyl-anthraquinone;YP_009725307.1
0;8-hydroxy-8-methoxy-2-methyl-anthraquinone;K4LC41_9BETC
0;8-hydroxy-8-methoxy-2-methyl-anthraquinone;PLpro_SARS-CoV-2
0;8-hydroxy-8-methoxy-2-methyl-anthraquinone;6LU7:A
0;8-hydroxy-8-methoxy-2-methyl-anthraquinone;6M0J:A
0;8-hydroxy-8-methoxy-2-methyl-anthraquinone;6LZG:A
0;8-hydroxy-8-methoxy-2-methyl-anthraquinone;6VSB:A
0;8-hydroxy-8-methoxy-2-methyl-anthraquinone;6VXX:A
0;Alizarin;YP_009725307.1
0;Alizarin;K4LC41_9BETC
0;Alizarin;PLpro_SARS-CoV-2
0;Alizarin;6LU7:A
0;Alizarin;6M0J:A
0;Alizarin;6LZG:A
0;Alizarin;6VSB:A
0;Alizarin;6VXX:A
0;Aracetin;YP_009725307.1
0;Aracetin;K4LC41_9BETC
0;Aracetin;PLpro_SARS-CoV-2
0;Aracetin;6LU7:A
0;Aracetin;6M0J:A
0;Aracetin;6LZG:A
0;Aracetin;6VSB:A
0;Aracetin;6VXX:A
0;Asperuloside tetraacetate;YP_009725307.1
0;Asperuloside tetraacetate;K4LC41_9BETC
0;Asperuloside tetraacetate;PLpro_SARS-CoV-2
0;Asperuloside tetraacetate;6LU7:A
0;Asperuloside tetraacetate;6M0J:A
0;Asperuloside tetraacetate;6LZG:A
0;Asperuloside tetraacetate;6VSB:A
0;Asperuloside tetraacetate;6VXX:A
0;Asperulosidic acid;YP_009725307.1
0;Asperulosidic acid;K4LC41_9BETC
0;Asperulosidic acid;PLpro_SARS-CoV-2
0;Asperulosidic acid;6LU7:A
0;Asperulosidic acid;6M0J:A
0;Asperulosidic acid;6LZG:A
0;Asperulosidic acid;6VSB:A
0;Asperulosidic acid;6VXX:A
0;Aucubin;YP_009725307.1
0;Aucubin;K4LC41_9BETC
0;Aucubin;PLpro_SARS-CoV-2
0;Aucubin;6LU7:A
0;Aucubin;6M0J:A
0;Aucubin;6LZG:A
0;Aucubin;6VSB:A
0;Aucubin;6VXX:A
1;Caproic acid;YP_009725307.1
1;Caproic acid;K4LC41_9BETC
1;Caproic acid;PLpro_SARS-CoV-2
0;Caproic acid;6LU7:A
0;Caproic acid;6M0J:A
0;Caproic acid;6LZG:A
0;Caproic acid;6VSB:A
0;Caproic acid;6VXX:A
0;Citrifolinoside;YP_009725307.1
0;Citrifolinoside;K4LC41_9BETC
0;Citrifolinoside;PLpro_SARS-CoV-2
0;Citrifolinoside;6LU7:A
0;Citrifolinoside;6M0J:A
0;Citrifolinoside;6LZG:A
0;Citrifolinoside;6VSB:A
0;Citrifolinoside;6VXX:A
0;Damnacanthal;YP_009725307.1
0;Damnacanthal;K4LC41_9BETC
0;Damnacanthal;PLpro_SARS-CoV-2
0;Damnacanthal;6LU7:A
0;Damnacanthal;6M0J:A
0;Damnacanthal;6LZG:A
0;Damnacanthal;6VSB:A
0;Damnacanthal;6VXX:A
1;Ethyl caproate;YP_009725307.1
1;Ethyl caproate;K4LC41_9BETC
1;Ethyl caproate;PLpro_SARS-CoV-2
0;Ethyl caproate;6LU7:A
0;Ethyl caproate;6M0J:A
0;Ethyl caproate;6LZG:A
0;Ethyl caproate;6VSB:A
0;Ethyl caproate;6VXX:A
1;Ethyl caprylate;YP_009725307.1
1;Ethyl caprylate;K4LC41_9BETC
1;Ethyl caprylate;PLpro_SARS-CoV-2
0;Ethyl caprylate;6LU7:A
0;Ethyl caprylate;6M0J:A
0;Ethyl caprylate;6LZG:A
0;Ethyl caprylate;6VSB:A
0;Ethyl caprylate;6VXX:A
0;Quercetin;YP_009725307.1
0;Quercetin;K4LC41_9BETC
0;Quercetin;PLpro_SARS-CoV-2
0;Quercetin;6LU7:A
0;Quercetin;6M0J:A
0;Quercetin;6LZG:A
0;Quercetin;6VSB:A
0;Quercetin;6VXX:A
0;Epicatechin;YP_009725307.1
0;Epicatechin;K4LC41_9BETC
0;Epicatechin;PLpro_SARS-CoV-2
0;Epicatechin;6LU7:A
0;Epicatechin;6M0J:A
0;Epicatechin;6LZG:A
0;Epicatechin;6VSB:A
0;Epicatechin;6VXX:A
0;Kaempferol 3-o-alpha-l-rhamnopyranoside/afzelin;YP_009725307.1
0;Kaempferol 3-o-alpha-l-rhamnopyranoside/afzelin;K4LC41_9BETC
0;Kaempferol 3-o-alpha-l-rhamnopyranoside/afzelin;PLpro_SARS-CoV-2
0;Kaempferol 3-o-alpha-l-rhamnopyranoside/afzelin;6LU7:A
0;Kaempferol 3-o-alpha-l-rhamnopyranoside/afzelin;6M0J:A
0;Kaempferol 3-o-alpha-l-rhamnopyranoside/afzelin;6LZG:A
0;Kaempferol 3-o-alpha-l-rhamnopyranoside/afzelin;6VSB:A
0;Kaempferol 3-o-alpha-l-rhamnopyranoside/afzelin;6VXX:A
0;Stigmasterol-3-o-glucoside;YP_009725307.1
0;Stigmasterol-3-o-glucoside;K4LC41_9BETC
0;Stigmasterol-3-o-glucoside;PLpro_SARS-CoV-2
0;Stigmasterol-3-o-glucoside;6LU7:A
0;Stigmasterol-3-o-glucoside;6M0J:A
0;Stigmasterol-3-o-glucoside;6LZG:A
0;Stigmasterol-3-o-glucoside;6VSB:A
0;Stigmasterol-3-o-glucoside;6VXX:A
0;(3beta;23e)-3-hydroxy-27-norcycloart-23-en-25-one
0;(3beta;23e)-3-hydroxy-27-norcycloart-23-en-25-one
0;(3beta;23e)-3-hydroxy-27-norcycloart-23-en-25-one
0;(3beta;23e)-3-hydroxy-27-norcycloart-23-en-25-one
0;(3beta;23e)-3-hydroxy-27-norcycloart-23-en-25-one
0;(3beta;23e)-3-hydroxy-27-norcycloart-23-en-25-one
0;(3beta;23e)-3-hydroxy-27-norcycloart-23-en-25-one
0;(3beta;23e)-3-hydroxy-27-norcycloart-23-en-25-one
0;1;3
0;1;3
0;1;3
0;1;3
0;1;3
0;1;3
0;1;3
0;1;3
0;1;3-dihydroxy-6
0;1;3-dihydroxy-6
0;1;3-dihydroxy-6
0;1;3-dihydroxy-6
0;1;3-dihydroxy-6
0;1;3-dihydroxy-6
0;1;3-dihydroxy-6
0;1;3-dihydroxy-6
0;1;5
0;1;5
0;1;5
0;1;5
0;1;5
0;1;5
0;1;5
0;1;5
0;1;5-dihydroxy-3-methoxy-2-prenylxanthone
0;1;5-dihydroxy-3-methoxy-2-prenylxanthone
0;1;5-dihydroxy-3-methoxy-2-prenylxanthone
0;1;5-dihydroxy-3-methoxy-2-prenylxanthone
0;1;5-dihydroxy-3-methoxy-2-prenylxanthone
0;1;5-dihydroxy-3-methoxy-2-prenylxanthone
0;1;5-dihydroxy-3-methoxy-2-prenylxanthone
0;1;5-dihydroxy-3-methoxy-2-prenylxanthone
0;1;6-dihydroxy-3
0;1;6-dihydroxy-3
0;1;6-dihydroxy-3
0;1;6-dihydroxy-3
0;1;6-dihydroxy-3
0;1;6-dihydroxy-3
0;1;6-dihydroxy-3
0;1;6-dihydroxy-3
0;1;6-dihydroxy-3
0;1;6-dihydroxy-3
0;1;6-dihydroxy-3
0;1;6-dihydroxy-3
0;1;6-dihydroxy-3
0;1;6-dihydroxy-3
0;1;6-dihydroxy-3
0;1;6-dihydroxy-3
0;1;6-dihydroxy-3
0;1;6-dihydroxy-3
0;1;6-dihydroxy-3
0;1;6-dihydroxy-3
0;1;6-dihydroxy-3
0;1;6-dihydroxy-3
0;1;6-dihydroxy-3
0;1;6-dihydroxy-3
0;1;6-dihydroxy-3
0;1;6-dihydroxy-3
0;1;6-dihydroxy-3
0;1;6-dihydroxy-3
0;1;6-dihydroxy-3
0;1;6-dihydroxy-3
0;1;6-dihydroxy-3
0;1;6-dihydroxy-3
0;1;6-dihydroxy-3-methoxy-2-prenylxanthone
0;1;6-dihydroxy-3-methoxy-2-prenylxanthone
0;1;6-dihydroxy-3-methoxy-2-prenylxanthone
0;1;6-dihydroxy-3-methoxy-2-prenylxanthone
0;1;6-dihydroxy-3-methoxy-2-prenylxanthone
0;1;6-dihydroxy-3-methoxy-2-prenylxanthone
0;1;6-dihydroxy-3-methoxy-2-prenylxanthone
0;1;6-dihydroxy-3-methoxy-2-prenylxanthone
0;1;7-dihydroxy-3
0;1;7-dihydroxy-3
0;1;7-dihydroxy-3
0;1;7-dihydroxy-3
0;1;7-dihydroxy-3
0;1;7-dihydroxy-3
0;1;7-dihydroxy-3
0;1;7-dihydroxy-3
0;1;7-dihydroxy-3-methoxy-2-prenylxanthone
0;1;7-dihydroxy-3-methoxy-2-prenylxanthone
0;1;7-dihydroxy-3-methoxy-2-prenylxanthone
0;1;7-dihydroxy-3-methoxy-2-prenylxanthone
0;1;7-dihydroxy-3-methoxy-2-prenylxanthone
0;1;7-dihydroxy-3-methoxy-2-prenylxanthone
0;1;7-dihydroxy-3-methoxy-2-prenylxanthone
0;1;7-dihydroxy-3-methoxy-2-prenylxanthone
0;1;8-dihydroxy-3
0;1;8-dihydroxy-3
0;1;8-dihydroxy-3
0;1;8-dihydroxy-3
0;1;8-dihydroxy-3
0;1;8-dihydroxy-3
0;1;8-dihydroxy-3
0;1;8-dihydroxy-3
0;1-hydroxy-3;5-dimethoxy-2
0;1-hydroxy-3;5-dimethoxy-2
0;1-hydroxy-3;5-dimethoxy-2
0;1-hydroxy-3;5-dimethoxy-2
0;1-hydroxy-3;5-dimethoxy-2
0;1-hydroxy-3;5-dimethoxy-2
0;1-hydroxy-3;5-dimethoxy-2
0;1-hydroxy-3;5-dimethoxy-2
0;1-hydroxy-3;5-dimethoxy-2-prenylxanthone
0;1-hydroxy-3;5-dimethoxy-2-prenylxanthone
0;1-hydroxy-3;5-dimethoxy-2-prenylxanthone
0;1-hydroxy-3;5-dimethoxy-2-prenylxanthone
0;1-hydroxy-3;5-dimethoxy-2-prenylxanthone
0;1-hydroxy-3;5-dimethoxy-2-prenylxanthone
0;1-hydroxy-3;5-dimethoxy-2-prenylxanthone
0;1-hydroxy-3;5-dimethoxy-2-prenylxanthone
0;1-hydroxy-3;6
0;1-hydroxy-3;6
0;1-hydroxy-3;6
0;1-hydroxy-3;6
0;1-hydroxy-3;6
0;1-hydroxy-3;6
0;1-hydroxy-3;6
0;1-hydroxy-3;6
0;1-hydroxy-3;6
0;1-hydroxy-3;6
0;1-hydroxy-3;6
0;1-hydroxy-3;6
0;1-hydroxy-3;6
0;1-hydroxy-3;6
0;1-hydroxy-3;6
0;1-hydroxy-3;6
0;1-hydroxy-3;6
0;1-hydroxy-3;6
0;1-hydroxy-3;6
0;1-hydroxy-3;6
0;1-hydroxy-3;6
0;1-hydroxy-3;6
0;1-hydroxy-3;6
0;1-hydroxy-3;6
0;1-hydroxy-3;6
0;1-hydroxy-3;6
0;1-hydroxy-3;6
0;1-hydroxy-3;6
0;1-hydroxy-3;6
0;1-hydroxy-3;6
0;1-hydroxy-3;6
0;1-hydroxy-3;6
0;1-isomangostin hydrate;YP_009725307.1
0;1-isomangostin hydrate;K4LC41_9BETC
0;1-isomangostin hydrate;PLpro_SARS-CoV-2
0;1-isomangostin hydrate;6LU7:A
0;1-isomangostin hydrate;6M0J:A
0;1-isomangostin hydrate;6LZG:A
0;1-isomangostin hydrate;6VSB:A
0;1-isomangostin hydrate;6VXX:A
0;1-isomangostin;YP_009725307.1
0;1-isomangostin;K4LC41_9BETC
0;1-isomangostin;PLpro_SARS-CoV-2
0;1-isomangostin;6LU7:A
0;1-isomangostin;6M0J:A
0;1-isomangostin;6LZG:A
0;1-isomangostin;6VSB:A
0;1-isomangostin;6VXX:A
0;3-isomangostin hydrate;YP_009725307.1
0;3-isomangostin hydrate;K4LC41_9BETC
0;3-isomangostin hydrate;PLpro_SARS-CoV-2
0;3-isomangostin hydrate;6LU7:A
0;3-isomangostin hydrate;6M0J:A
0;3-isomangostin hydrate;6LZG:A
0;3-isomangostin hydrate;6VSB:A
0;3-isomangostin hydrate;6VXX:A
0;3-isomangostin;YP_009725307.1
0;3-isomangostin;K4LC41_9BETC
0;3-isomangostin;PLpro_SARS-CoV-2
0;3-isomangostin;6LU7:A
0;3-isomangostin;6M0J:A
0;3-isomangostin;6LZG:A
0;3-isomangostin;6VSB:A
0;3-isomangostin;6VXX:A
0;6;8-dihydroxy-1
0;6;8-dihydroxy-1
0;6;8-dihydroxy-1
0;6;8-dihydroxy-1
0;6;8-dihydroxy-1
0;6;8-dihydroxy-1
0;6;8-dihydroxy-1
0;6;8-dihydroxy-1
0;6-deoxy-gamma-mangostin;YP_009725307.1
0;6-deoxy-gamma-mangostin;K4LC41_9BETC
0;6-deoxy-gamma-mangostin;PLpro_SARS-CoV-2
0;6-deoxy-gamma-mangostin;6LU7:A
0;6-deoxy-gamma-mangostin;6M0J:A
0;6-deoxy-gamma-mangostin;6LZG:A
0;6-deoxy-gamma-mangostin;6VSB:A
0;6-deoxy-gamma-mangostin;6VXX:A
0;8-deoxygartanin;YP_009725307.1
0;8-deoxygartanin;K4LC41_9BETC
0;8-deoxygartanin;PLpro_SARS-CoV-2
0;8-deoxygartanin;6LU7:A
0;8-deoxygartanin;6M0J:A
0;8-deoxygartanin;6LZG:A
0;8-deoxygartanin;6VSB:A
0;8-deoxygartanin;6VXX:A
0;9-hydroxycalabaxanthone;YP_009725307.1
0;9-hydroxycalabaxanthone;K4LC41_9BETC
0;9-hydroxycalabaxanthone;PLpro_SARS-CoV-2
0;9-hydroxycalabaxanthone;6LU7:A
0;9-hydroxycalabaxanthone;6M0J:A
0;9-hydroxycalabaxanthone;6LZG:A
0;9-hydroxycalabaxanthone;6VSB:A
0;9-hydroxycalabaxanthone;6VXX:A
0;A-mangostin;YP_009725307.1
0;A-mangostin;K4LC41_9BETC
0;A-mangostin;PLpro_SARS-CoV-2
0;A-mangostin;6LU7:A
0;A-mangostin;6M0J:A
0;A-mangostin;6LZG:A
0;A-mangostin;6VSB:A
0;A-mangostin;6VXX:A
0;B-mangostin;YP_009725307.1
0;B-mangostin;K4LC41_9BETC
0;B-mangostin;PLpro_SARS-CoV-2
0;B-mangostin;6LU7:A
0;B-mangostin;6M0J:A
0;B-mangostin;6LZG:A
0;B-mangostin;6VSB:A
0;B-mangostin;6VXX:A
0;Br-xanthone a;YP_009725307.1
0;Br-xanthone a;K4LC41_9BETC
0;Br-xanthone a;PLpro_SARS-CoV-2
0;Br-xanthone a;6LU7:A
0;Br-xanthone a;6M0J:A
0;Br-xanthone a;6LZG:A
0;Br-xanthone a;6VSB:A
0;Br-xanthone a;6VXX:A
0;Calabaxanthone;YP_009725307.1
0;Calabaxanthone;K4LC41_9BETC
0;Calabaxanthone;PLpro_SARS-CoV-2
0;Calabaxanthone;6LU7:A
0;Calabaxanthone;6M0J:A
0;Calabaxanthone;6LZG:A
0;Calabaxanthone;6VSB:A
0;Calabaxanthone;6VXX:A
0;Demethylcalabaxanthone;YP_009725307.1
0;Demethylcalabaxanthone;K4LC41_9BETC
0;Demethylcalabaxanthone;PLpro_SARS-CoV-2
0;Demethylcalabaxanthone;6LU7:A
0;Demethylcalabaxanthone;6M0J:A
0;Demethylcalabaxanthone;6LZG:A
0;Demethylcalabaxanthone;6VSB:A
0;Demethylcalabaxanthone;6VXX:A
0;Garcimangosone a;YP_009725307.1
0;Garcimangosone a;K4LC41_9BETC
0;Garcimangosone a;PLpro_SARS-CoV-2
0;Garcimangosone a;6LU7:A
0;Garcimangosone a;6M0J:A
0;Garcimangosone a;6LZG:A
0;Garcimangosone a;6VSB:A
0;Garcimangosone a;6VXX:A
0;Garcimangosone b;YP_009725307.1
0;Garcimangosone b;K4LC41_9BETC
0;Garcimangosone b;PLpro_SARS-CoV-2
0;Garcimangosone b;6LU7:A
0;Garcimangosone b;6M0J:A
0;Garcimangosone b;6LZG:A
0;Garcimangosone b;6VSB:A
0;Garcimangosone b;6VXX:A
0;Garcimangosone c;YP_009725307.1
0;Garcimangosone c;K4LC41_9BETC
0;Garcimangosone c;PLpro_SARS-CoV-2
0;Garcimangosone c;6LU7:A
0;Garcimangosone c;6M0J:A
0;Garcimangosone c;6LZG:A
0;Garcimangosone c;6VSB:A
0;Garcimangosone c;6VXX:A
0;Garcimangosone d;YP_009725307.1
0;Garcimangosone d;K4LC41_9BETC
0;Garcimangosone d;PLpro_SARS-CoV-2
0;Garcimangosone d;6LU7:A
0;Garcimangosone d;6M0J:A
0;Garcimangosone d;6LZG:A
0;Garcimangosone d;6VSB:A
0;Garcimangosone d;6VXX:A
0;Garcinone a;YP_009725307.1
0;Garcinone a;K4LC41_9BETC
0;Garcinone a;PLpro_SARS-CoV-2
0;Garcinone a;6LU7:A
0;Garcinone a;6M0J:A
0;Garcinone a;6LZG:A
0;Garcinone a;6VSB:A
0;Garcinone a;6VXX:A
0;Garcinone c;YP_009725307.1
0;Garcinone c;K4LC41_9BETC
0;Garcinone c;PLpro_SARS-CoV-2
0;Garcinone c;6LU7:A
0;Garcinone c;6M0J:A
0;Garcinone c;6LZG:A
0;Garcinone c;6VSB:A
0;Garcinone c;6VXX:A
0;Garcinone d;YP_009725307.1
0;Garcinone d;K4LC41_9BETC
0;Garcinone d;PLpro_SARS-CoV-2
0;Garcinone d;6LU7:A
0;Garcinone d;6M0J:A
0;Garcinone d;6LZG:A
0;Garcinone d;6VSB:A
0;Garcinone d;6VXX:A
0;Garcinone e;YP_009725307.1
0;Garcinone e;K4LC41_9BETC
0;Garcinone e;PLpro_SARS-CoV-2
0;Garcinone e;6LU7:A
0;Garcinone e;6M0J:A
0;Garcinone e;6LZG:A
0;Garcinone e;6VSB:A
0;Garcinone e;6VXX:A
0;Gartanin;YP_009725307.1
0;Gartanin;K4LC41_9BETC
0;Gartanin;PLpro_SARS-CoV-2
0;Gartanin;6LU7:A
0;Gartanin;6M0J:A
0;Gartanin;6LZG:A
0;Gartanin;6VSB:A
0;Gartanin;6VXX:A
0;Mangostin;YP_009725307.1
0;Mangostin;K4LC41_9BETC
0;Mangostin;PLpro_SARS-CoV-2
0;Mangostin;6LU7:A
0;Mangostin;6M0J:A
0;Mangostin;6LZG:A
0;Mangostin;6VSB:A
0;Mangostin;6VXX:A
0;Y-mangostin;YP_009725307.1
0;Y-mangostin;K4LC41_9BETC
0;Y-mangostin;PLpro_SARS-CoV-2
0;Y-mangostin;6LU7:A
0;Y-mangostin;6M0J:A
0;Y-mangostin;6LZG:A
0;Y-mangostin;6VSB:A
0;Y-mangostin;6VXX:A
0;5-hydroxyaloin a;YP_009725307.1
0;5-hydroxyaloin a;K4LC41_9BETC
0;5-hydroxyaloin a;PLpro_SARS-CoV-2
0;5-hydroxyaloin a;6LU7:A
0;5-hydroxyaloin a;6M0J:A
0;5-hydroxyaloin a;6LZG:A
0;5-hydroxyaloin a;6VSB:A
0;5-hydroxyaloin a;6VXX:A
0;7-hydroxy-8-o-methylaloin b;YP_009725307.1
0;7-hydroxy-8-o-methylaloin b;K4LC41_9BETC
0;7-hydroxy-8-o-methylaloin b;PLpro_SARS-CoV-2
0;7-hydroxy-8-o-methylaloin b;6LU7:A
0;7-hydroxy-8-o-methylaloin b;6M0J:A
0;7-hydroxy-8-o-methylaloin b;6LZG:A
0;7-hydroxy-8-o-methylaloin b;6VSB:A
0;7-hydroxy-8-o-methylaloin b;6VXX:A
0;Accemannan;YP_009725307.1
0;Accemannan;K4LC41_9BETC
0;Accemannan;PLpro_SARS-CoV-2
0;Accemannan;6LU7:A
0;Accemannan;6M0J:A
0;Accemannan;6LZG:A
0;Accemannan;6VSB:A
0;Accemannan;6VXX:A
0;Aloemodin w-acetate;YP_009725307.1
0;Aloemodin w-acetate;K4LC41_9BETC
0;Aloemodin w-acetate;PLpro_SARS-CoV-2
0;Aloemodin w-acetate;6LU7:A
0;Aloemodin w-acetate;6M0J:A
0;Aloemodin w-acetate;6LZG:A
0;Aloemodin w-acetate;6VSB:A
0;Aloemodin w-acetate;6VXX:A
0;Aloemodin;YP_009725307.1
0;Aloemodin;K4LC41_9BETC
0;Aloemodin;PLpro_SARS-CoV-2
0;Aloemodin;6LU7:A
0;Aloemodin;6M0J:A
0;Aloemodin;6LZG:A
0;Aloemodin;6VSB:A
0;Aloemodin;6VXX:A
0;Aloin;YP_009725307.1
0;Aloin;K4LC41_9BETC
0;Aloin;PLpro_SARS-CoV-2
0;Aloin;6LU7:A
0;Aloin;6M0J:A
0;Aloin;6LZG:A
0;Aloin;6VSB:A
0;Aloin;6VXX:A
0;Aloinoside b;YP_009725307.1
0;Aloinoside b;K4LC41_9BETC
0;Aloinoside b;PLpro_SARS-CoV-2
0;Aloinoside b;6LU7:A
0;Aloinoside b;6M0J:A
0;Aloinoside b;6LZG:A
0;Aloinoside b;6VSB:A
0;Aloinoside b;6VXX:A
1;Arabinose;YP_009725307.1
1;Arabinose;K4LC41_9BETC
0;Arabinose;PLpro_SARS-CoV-2
0;Arabinose;6LU7:A
0;Arabinose;6M0J:A
0;Arabinose;6LZG:A
0;Arabinose;6VSB:A
0;Arabinose;6VXX:A
0;Auxins;YP_009725307.1
0;Auxins;K4LC41_9BETC
0;Auxins;PLpro_SARS-CoV-2
0;Auxins;6LU7:A
0;Auxins;6M0J:A
0;Auxins;6LZG:A
0;Auxins;6VSB:A
0;Auxins;6VXX:A
0;B-sitosterol;YP_009725307.1
0;B-sitosterol;K4LC41_9BETC
0;B-sitosterol;PLpro_SARS-CoV-2
0;B-sitosterol;6LU7:A
0;B-sitosterol;6M0J:A
0;B-sitosterol;6LZG:A
0;B-sitosterol;6VSB:A
0;B-sitosterol;6VXX:A
0;Campesterol;YP_009725307.1
0;Campesterol;K4LC41_9BETC
0;Campesterol;PLpro_SARS-CoV-2
0;Campesterol;6LU7:A
0;Campesterol;6M0J:A
0;Campesterol;6LZG:A
0;Campesterol;6VSB:A
0;Campesterol;6VXX:A
0;Cinnamic acid;YP_009725307.1
0;Cinnamic acid;K4LC41_9BETC
0;Cinnamic acid;PLpro_SARS-CoV-2
0;Cinnamic acid;6LU7:A
0;Cinnamic acid;6M0J:A
0;Cinnamic acid;6LZG:A
0;Cinnamic acid;6VSB:A
0;Cinnamic acid;6VXX:A
0;Emodin;YP_009725307.1
0;Emodin;K4LC41_9BETC
0;Emodin;PLpro_SARS-CoV-2
0;Emodin;6LU7:A
0;Emodin;6M0J:A
0;Emodin;6LZG:A
0;Emodin;6VSB:A
0;Emodin;6VXX:A
0;Gibberelins;YP_009725307.1
0;Gibberelins;K4LC41_9BETC
0;Gibberelins;PLpro_SARS-CoV-2
0;Gibberelins;6LU7:A
0;Gibberelins;6M0J:A
0;Gibberelins;6LZG:A
0;Gibberelins;6VSB:A
0;Gibberelins;6VXX:A
0;Gychirrethinic acid;YP_009725307.1
0;Gychirrethinic acid;K4LC41_9BETC
0;Gychirrethinic acid;PLpro_SARS-CoV-2
0;Gychirrethinic acid;6LU7:A
0;Gychirrethinic acid;6M0J:A
0;Gychirrethinic acid;6LZG:A
0;Gychirrethinic acid;6VSB:A
0;Gychirrethinic acid;6VXX:A
1;(e)-beta-farnesene;YP_009725307.1
1;(e)-beta-farnesene;K4LC41_9BETC
1;(e)-beta-farnesene;PLpro_SARS-CoV-2
0;(e)-beta-farnesene;6LU7:A
0;(e)-beta-farnesene;6M0J:A
0;(e)-beta-farnesene;6LZG:A
0;(e)-beta-farnesene;6VSB:A
0;(e)-beta-farnesene;6VXX:A
1;Z-beta-ocimene;YP_009725307.1
1;Z-beta-ocimene;K4LC41_9BETC
1;Z-beta-ocimene;PLpro_SARS-CoV-2
0;Z-beta-ocimene;6LU7:A
0;Z-beta-ocimene;6M0J:A
0;Z-beta-ocimene;6LZG:A
0;Z-beta-ocimene;6VSB:A
0;Z-beta-ocimene;6VXX:A
0;(z)-cinnamyl acetate;YP_009725307.1
0;(z)-cinnamyl acetate;K4LC41_9BETC
0;(z)-cinnamyl acetate;PLpro_SARS-CoV-2
0;(z)-cinnamyl acetate;6LU7:A
0;(z)-cinnamyl acetate;6M0J:A
0;(z)-cinnamyl acetate;6LZG:A
0;(z)-cinnamyl acetate;6VSB:A
0;(z)-cinnamyl acetate;6VXX:A
0;1;8-cineole
0;1;8-cineole
0;1;8-cineole
0;1;8-cineole
0;1;8-cineole
0;1;8-cineole
0;1;8-cineole
0;1;8-cineole
1;1-hexanol;YP_009725307.1
1;1-hexanol;K4LC41_9BETC
1;1-hexanol;PLpro_SARS-CoV-2
0;1-hexanol;6LU7:A
0;1-hexanol;6M0J:A
0;1-hexanol;6LZG:A
0;1-hexanol;6VSB:A
0;1-hexanol;6VXX:A
1;2-heptadecanone;YP_009725307.1
1;2-heptadecanone;K4LC41_9BETC
1;2-heptadecanone;PLpro_SARS-CoV-2
0;2-heptadecanone;6LU7:A
0;2-heptadecanone;6M0J:A
0;2-heptadecanone;6LZG:A
0;2-heptadecanone;6VSB:A
0;2-heptadecanone;6VXX:A
0;2-phenylethyl benzoate;YP_009725307.1
0;2-phenylethyl benzoate;K4LC41_9BETC
0;2-phenylethyl benzoate;PLpro_SARS-CoV-2
0;2-phenylethyl benzoate;6LU7:A
0;2-phenylethyl benzoate;6M0J:A
0;2-phenylethyl benzoate;6LZG:A
0;2-phenylethyl benzoate;6VSB:A
0;2-phenylethyl benzoate;6VXX:A
1;3-carene;YP_009725307.1
1;3-carene;K4LC41_9BETC
1;3-carene;PLpro_SARS-CoV-2
0;3-carene;6LU7:A
0;3-carene;6M0J:A
0;3-carene;6LZG:A
0;3-carene;6VSB:A
0;3-carene;6VXX:A
1;3-hexen-1-ol;YP_009725307.1
1;3-hexen-1-ol;K4LC41_9BETC
1;3-hexen-1-ol;PLpro_SARS-CoV-2
0;3-hexen-1-ol;6LU7:A
0;3-hexen-1-ol;6M0J:A
0;3-hexen-1-ol;6LZG:A
0;3-hexen-1-ol;6VSB:A
0;3-hexen-1-ol;6VXX:A
1;A-bergamoten;YP_009725307.1
1;A-bergamoten;K4LC41_9BETC
1;A-bergamoten;PLpro_SARS-CoV-2
0;A-bergamoten;6LU7:A
0;A-bergamoten;6M0J:A
0;A-bergamoten;6LZG:A
0;A-bergamoten;6VSB:A
0;A-bergamoten;6VXX:A
1;A-cadinene;YP_009725307.1
1;A-cadinene;K4LC41_9BETC
1;A-cadinene;PLpro_SARS-CoV-2
0;A-cadinene;6LU7:A
0;A-cadinene;6M0J:A
0;A-cadinene;6LZG:A
0;A-cadinene;6VSB:A
0;A-cadinene;6VXX:A
0;A-cadinol;YP_009725307.1
0;A-cadinol;K4LC41_9BETC
0;A-cadinol;PLpro_SARS-CoV-2
0;A-cadinol;6LU7:A
0;A-cadinol;6M0J:A
0;A-cadinol;6LZG:A
0;A-cadinol;6VSB:A
0;A-cadinol;6VXX:A
0;A-calacorene;YP_009725307.1
0;A-calacorene;K4LC41_9BETC
0;A-calacorene;PLpro_SARS-CoV-2
0;A-calacorene;6LU7:A
0;A-calacorene;6M0J:A
0;A-calacorene;6LZG:A
0;A-calacorene;6VSB:A
0;A-calacorene;6VXX:A
0;Acetyl eugenol;YP_009725307.1
0;Acetyl eugenol;K4LC41_9BETC
0;Acetyl eugenol;PLpro_SARS-CoV-2
0;Acetyl eugenol;6LU7:A
0;Acetyl eugenol;6M0J:A
0;Acetyl eugenol;6LZG:A
0;Acetyl eugenol;6VSB:A
0;Acetyl eugenol;6VXX:A
1;A-copaene;YP_009725307.1
1;A-copaene;K4LC41_9BETC
1;A-copaene;PLpro_SARS-CoV-2
0;A-copaene;6LU7:A
0;A-copaene;6M0J:A
0;A-copaene;6LZG:A
0;A-copaene;6VSB:A
0;A-copaene;6VXX:A
1;A-humulene;YP_009725307.1
1;A-humulene;K4LC41_9BETC
1;A-humulene;PLpro_SARS-CoV-2
0;A-humulene;6LU7:A
0;A-humulene;6M0J:A
0;A-humulene;6LZG:A
0;A-humulene;6VSB:A
0;A-humulene;6VXX:A
1;A-muurolene;YP_009725307.1
1;A-muurolene;K4LC41_9BETC
1;A-muurolene;PLpro_SARS-CoV-2
0;A-muurolene;6LU7:A
0;A-muurolene;6M0J:A
0;A-muurolene;6LZG:A
0;A-muurolene;6VSB:A
0;A-muurolene;6VXX:A
1;Aromadendrene;YP_009725307.1
1;Aromadendrene;K4LC41_9BETC
1;Aromadendrene;PLpro_SARS-CoV-2
0;Aromadendrene;6LU7:A
0;Aromadendrene;6M0J:A
0;Aromadendrene;6LZG:A
0;Aromadendrene;6VSB:A
0;Aromadendrene;6VXX:A
1;A-selinene;YP_009725307.1
1;A-selinene;K4LC41_9BETC
1;A-selinene;PLpro_SARS-CoV-2
0;A-selinene;6LU7:A
0;A-selinene;6M0J:A
0;A-selinene;6LZG:A
0;A-selinene;6VSB:A
0;A-selinene;6VXX:A
0;Benzaldehyde;YP_009725307.1
0;Benzaldehyde;K4LC41_9BETC
0;Benzaldehyde;PLpro_SARS-CoV-2
0;Benzaldehyde;6LU7:A
0;Benzaldehyde;6M0J:A
0;Benzaldehyde;6LZG:A
0;Benzaldehyde;6VSB:A
0;Benzaldehyde;6VXX:A
0;Benzyl alcohol;YP_009725307.1
0;Benzyl alcohol;K4LC41_9BETC
0;Benzyl alcohol;PLpro_SARS-CoV-2
0;Benzyl alcohol;6LU7:A
0;Benzyl alcohol;6M0J:A
0;Benzyl alcohol;6LZG:A
0;Benzyl alcohol;6VSB:A
0;Benzyl alcohol;6VXX:A
0;Benzyl benzoate;YP_009725307.1
0;Benzyl benzoate;K4LC41_9BETC
0;Benzyl benzoate;PLpro_SARS-CoV-2
0;Benzyl benzoate;6LU7:A
0;Benzyl benzoate;6M0J:A
0;Benzyl benzoate;6LZG:A
0;Benzyl benzoate;6VSB:A
0;Benzyl benzoate;6VXX:A
1;Beta-ocimene;YP_009725307.1
1;Beta-ocimene;K4LC41_9BETC
1;Beta-ocimene;PLpro_SARS-CoV-2
0;Beta-ocimene;6LU7:A
0;Beta-ocimene;6M0J:A
0;Beta-ocimene;6LZG:A
0;Beta-ocimene;6VSB:A
0;Beta-ocimene;6VXX:A
1;Borneol;YP_009725307.1
1;Borneol;K4LC41_9BETC
1;Borneol;PLpro_SARS-CoV-2
0;Borneol;6LU7:A
0;Borneol;6M0J:A
0;Borneol;6LZG:A
0;Borneol;6VSB:A
0;Borneol;6VXX:A
1;Bornyl acetate;YP_009725307.1
1;Bornyl acetate;K4LC41_9BETC
0;Bornyl acetate;PLpro_SARS-CoV-2
0;Bornyl acetate;6LU7:A
0;Bornyl acetate;6M0J:A
0;Bornyl acetate;6LZG:A
0;Bornyl acetate;6VSB:A
0;Bornyl acetate;6VXX:A
1;B-salinene;YP_009725307.1
1;B-salinene;K4LC41_9BETC
1;B-salinene;PLpro_SARS-CoV-2
0;B-salinene;6LU7:A
0;B-salinene;6M0J:A
0;B-salinene;6LZG:A
0;B-salinene;6VSB:A
0;B-salinene;6VXX:A
0;Cadalene;YP_009725307.1
0;Cadalene;K4LC41_9BETC
0;Cadalene;PLpro_SARS-CoV-2
0;Cadalene;6LU7:A
0;Cadalene;6M0J:A
0;Cadalene;6LZG:A
0;Cadalene;6VSB:A
0;Cadalene;6VXX:A
1;Camphene;YP_009725307.1
1;Camphene;K4LC41_9BETC
1;Camphene;PLpro_SARS-CoV-2
0;Camphene;6LU7:A
0;Camphene;6M0J:A
0;Camphene;6LZG:A
0;Camphene;6VSB:A
0;Camphene;6VXX:A
1;Caryophyllene oxide;YP_009725307.1
1;Caryophyllene oxide;K4LC41_9BETC
0;Caryophyllene oxide;PLpro_SARS-CoV-2
0;Caryophyllene oxide;6LU7:A
0;Caryophyllene oxide;6M0J:A
0;Caryophyllene oxide;6LZG:A
0;Caryophyllene oxide;6VSB:A
0;Caryophyllene oxide;6VXX:A
0;Cinnamaldehyde;YP_009725307.1
0;Cinnamaldehyde;K4LC41_9BETC
0;Cinnamaldehyde;PLpro_SARS-CoV-2
0;Cinnamaldehyde;6LU7:A
0;Cinnamaldehyde;6M0J:A
0;Cinnamaldehyde;6LZG:A
0;Cinnamaldehyde;6VSB:A
0;Cinnamaldehyde;6VXX:A
0;Cinnamyl acetate;YP_009725307.1
0;Cinnamyl acetate;K4LC41_9BETC
0;Cinnamyl acetate;PLpro_SARS-CoV-2
0;Cinnamyl acetate;6LU7:A
0;Cinnamyl acetate;6M0J:A
0;Cinnamyl acetate;6LZG:A
0;Cinnamyl acetate;6VSB:A
0;Cinnamyl acetate;6VXX:A
0;Cinnamyl alcohol;YP_009725307.1
0;Cinnamyl alcohol;K4LC41_9BETC
0;Cinnamyl alcohol;PLpro_SARS-CoV-2
0;Cinnamyl alcohol;6LU7:A
0;Cinnamyl alcohol;6M0J:A
0;Cinnamyl alcohol;6LZG:A
0;Cinnamyl alcohol;6VSB:A
0;Cinnamyl alcohol;6VXX:A
0;Cis calamenene;YP_009725307.1
0;Cis calamenene;K4LC41_9BETC
0;Cis calamenene;PLpro_SARS-CoV-2
0;Cis calamenene;6LU7:A
0;Cis calamenene;6M0J:A
0;Cis calamenene;6LZG:A
0;Cis calamenene;6VSB:A
0;Cis calamenene;6VXX:A
0;Cis-linalool oxide (pyranoid);YP_009725307.1
0;Cis-linalool oxide (pyranoid);K4LC41_9BETC
0;Cis-linalool oxide (pyranoid);PLpro_SARS-CoV-2
0;Cis-linalool oxide (pyranoid);6LU7:A
0;Cis-linalool oxide (pyranoid);6M0J:A
0;Cis-linalool oxide (pyranoid);6LZG:A
0;Cis-linalool oxide (pyranoid);6VSB:A
0;Cis-linalool oxide (pyranoid);6VXX:A
0;Cuminaldehyde;YP_009725307.1
0;Cuminaldehyde;K4LC41_9BETC
0;Cuminaldehyde;PLpro_SARS-CoV-2
0;Cuminaldehyde;6LU7:A
0;Cuminaldehyde;6M0J:A
0;Cuminaldehyde;6LZG:A
0;Cuminaldehyde;6VSB:A
0;Cuminaldehyde;6VXX:A
1;D-cadinene;YP_009725307.1
1;D-cadinene;K4LC41_9BETC
1;D-cadinene;PLpro_SARS-CoV-2
0;D-cadinene;6LU7:A
0;D-cadinene;6M0J:A
0;D-cadinene;6LZG:A
0;D-cadinene;6VSB:A
0;D-cadinene;6VXX:A
1;Epi-a-bisabolol;YP_009725307.1
0;Epi-a-bisabolol;K4LC41_9BETC
0;Epi-a-bisabolol;PLpro_SARS-CoV-2
0;Epi-a-bisabolol;6LU7:A
0;Epi-a-bisabolol;6M0J:A
0;Epi-a-bisabolol;6LZG:A
0;Epi-a-bisabolol;6VSB:A
0;Epi-a-bisabolol;6VXX:A
0;Ethyl cinnamate;YP_009725307.1
0;Ethyl cinnamate;K4LC41_9BETC
0;Ethyl cinnamate;PLpro_SARS-CoV-2
0;Ethyl cinnamate;6LU7:A
0;Ethyl cinnamate;6M0J:A
0;Ethyl cinnamate;6LZG:A
0;Ethyl cinnamate;6VSB:A
0;Ethyl cinnamate;6VXX:A
0;Eugenyl acetate;YP_009725307.1
0;Eugenyl acetate;K4LC41_9BETC
0;Eugenyl acetate;PLpro_SARS-CoV-2
0;Eugenyl acetate;6LU7:A
0;Eugenyl acetate;6M0J:A
0;Eugenyl acetate;6LZG:A
0;Eugenyl acetate;6VSB:A
0;Eugenyl acetate;6VXX:A
1;Farnesol;YP_009725307.1
1;Farnesol;K4LC41_9BETC
1;Farnesol;PLpro_SARS-CoV-2
0;Farnesol;6LU7:A
0;Farnesol;6M0J:A
0;Farnesol;6LZG:A
0;Farnesol;6VSB:A
0;Farnesol;6VXX:A
1;Fenchone;YP_009725307.1
1;Fenchone;K4LC41_9BETC
1;Fenchone;PLpro_SARS-CoV-2
0;Fenchone;6LU7:A
0;Fenchone;6M0J:A
0;Fenchone;6LZG:A
0;Fenchone;6VSB:A
0;Fenchone;6VXX:A
1;Geranial/citral;YP_009725307.1
1;Geranial/citral;K4LC41_9BETC
1;Geranial/citral;PLpro_SARS-CoV-2
0;Geranial/citral;6LU7:A
0;Geranial/citral;6M0J:A
0;Geranial/citral;6LZG:A
0;Geranial/citral;6VSB:A
0;Geranial/citral;6VXX:A
1;Geraniol;YP_009725307.1
1;Geraniol;K4LC41_9BETC
1;Geraniol;PLpro_SARS-CoV-2
0;Geraniol;6LU7:A
0;Geraniol;6M0J:A
0;Geraniol;6LZG:A
0;Geraniol;6VSB:A
0;Geraniol;6VXX:A
1;Germacrene-d;YP_009725307.1
1;Germacrene-d;K4LC41_9BETC
1;Germacrene-d;PLpro_SARS-CoV-2
0;Germacrene-d;6LU7:A
0;Germacrene-d;6M0J:A
0;Germacrene-d;6LZG:A
0;Germacrene-d;6VSB:A
0;Germacrene-d;6VXX:A
1;Heptan-2-one;YP_009725307.1
1;Heptan-2-one;K4LC41_9BETC
1;Heptan-2-one;PLpro_SARS-CoV-2
0;Heptan-2-one;6LU7:A
0;Heptan-2-one;6M0J:A
0;Heptan-2-one;6LZG:A
0;Heptan-2-one;6VSB:A
0;Heptan-2-one;6VXX:A
1;Heptanal;YP_009725307.1
1;Heptanal;K4LC41_9BETC
1;Heptanal;PLpro_SARS-CoV-2
0;Heptanal;6LU7:A
0;Heptanal;6M0J:A
0;Heptanal;6LZG:A
0;Heptanal;6VSB:A
0;Heptanal;6VXX:A
1;Hexadecanol;YP_009725307.1
1;Hexadecanol;K4LC41_9BETC
1;Hexadecanol;PLpro_SARS-CoV-2
0;Hexadecanol;6LU7:A
0;Hexadecanol;6M0J:A
0;Hexadecanol;6LZG:A
0;Hexadecanol;6VSB:A
0;Hexadecanol;6VXX:A
0;Hydrocinnamaldehyde;YP_009725307.1
0;Hydrocinnamaldehyde;K4LC41_9BETC
0;Hydrocinnamaldehyde;PLpro_SARS-CoV-2
0;Hydrocinnamaldehyde;6LU7:A
0;Hydrocinnamaldehyde;6M0J:A
0;Hydrocinnamaldehyde;6LZG:A
0;Hydrocinnamaldehyde;6VSB:A
0;Hydrocinnamaldehyde;6VXX:A
0;Hydrocinnamic acid;YP_009725307.1
0;Hydrocinnamic acid;K4LC41_9BETC
0;Hydrocinnamic acid;PLpro_SARS-CoV-2
0;Hydrocinnamic acid;6LU7:A
0;Hydrocinnamic acid;6M0J:A
0;Hydrocinnamic acid;6LZG:A
0;Hydrocinnamic acid;6VSB:A
0;Hydrocinnamic acid;6VXX:A
0;Isoeugenol;YP_009725307.1
0;Isoeugenol;K4LC41_9BETC
0;Isoeugenol;PLpro_SARS-CoV-2
0;Isoeugenol;6LU7:A
0;Isoeugenol;6M0J:A
0;Isoeugenol;6LZG:A
0;Isoeugenol;6VSB:A
0;Isoeugenol;6VXX:A
1;Ledol;YP_009725307.1
1;Ledol;K4LC41_9BETC
1;Ledol;PLpro_SARS-CoV-2
0;Ledol;6LU7:A
0;Ledol;6M0J:A
0;Ledol;6LZG:A
0;Ledol;6VSB:A
0;Ledol;6VXX:A
0;Z-cinnamaldehyde;YP_009725307.1
0;Z-cinnamaldehyde;K4LC41_9BETC
0;Z-cinnamaldehyde;PLpro_SARS-CoV-2
0;Z-cinnamaldehyde;6LU7:A
0;Z-cinnamaldehyde;6M0J:A
0;Z-cinnamaldehyde;6LZG:A
0;Z-cinnamaldehyde;6VSB:A
0;Z-cinnamaldehyde;6VXX:A
0;Bergenin;YP_009725307.1
0;Bergenin;K4LC41_9BETC
0;Bergenin;PLpro_SARS-CoV-2
0;Bergenin;6LU7:A
0;Bergenin;6M0J:A
0;Bergenin;6LZG:A
0;Bergenin;6VSB:A
0;Bergenin;6VXX:A
0;Betulinic acid;YP_009725307.1
0;Betulinic acid;K4LC41_9BETC
0;Betulinic acid;PLpro_SARS-CoV-2
0;Betulinic acid;6LU7:A
0;Betulinic acid;6M0J:A
0;Betulinic acid;6LZG:A
0;Betulinic acid;6VSB:A
0;Betulinic acid;6VXX:A
0;Cyanidin diglycoside;YP_009725307.1
0;Cyanidin diglycoside;K4LC41_9BETC
0;Cyanidin diglycoside;PLpro_SARS-CoV-2
0;Cyanidin diglycoside;6LU7:A
0;Cyanidin diglycoside;6M0J:A
0;Cyanidin diglycoside;6LZG:A
0;Cyanidin diglycoside;6VSB:A
0;Cyanidin diglycoside;6VXX:A
0;Delphinidin-3-gentiobioside;YP_009725307.1
0;Delphinidin-3-gentiobioside;K4LC41_9BETC
0;Delphinidin-3-gentiobioside;PLpro_SARS-CoV-2
0;Delphinidin-3-gentiobioside;6LU7:A
0;Delphinidin-3-gentiobioside;6M0J:A
0;Delphinidin-3-gentiobioside;6LZG:A
0;Delphinidin-3-gentiobioside;6VSB:A
0;Delphinidin-3-gentiobioside;6VXX:A
0;Dihydromyricetin;YP_009725307.1
0;Dihydromyricetin;K4LC41_9BETC
0;Dihydromyricetin;PLpro_SARS-CoV-2
0;Dihydromyricetin;6LU7:A
0;Dihydromyricetin;6M0J:A
0;Dihydromyricetin;6LZG:A
0;Dihydromyricetin;6VSB:A
0;Dihydromyricetin;6VXX:A
1;Epi-friedelanol;YP_009725307.1
1;Epi-friedelanol;K4LC41_9BETC
0;Epi-friedelanol;PLpro_SARS-CoV-2
0;Epi-friedelanol;6LU7:A
0;Epi-friedelanol;6M0J:A
0;Epi-friedelanol;6LZG:A
0;Epi-friedelanol;6VSB:A
0;Epi-friedelanol;6VXX:A
1;Friedelin;YP_009725307.1
1;Friedelin;K4LC41_9BETC
1;Friedelin;PLpro_SARS-CoV-2
0;Friedelin;6LU7:A
0;Friedelin;6M0J:A
0;Friedelin;6LZG:A
0;Friedelin;6VSB:A
0;Friedelin;6VXX:A
0;Hyperoside;YP_009725307.1
0;Hyperoside;K4LC41_9BETC
0;Hyperoside;PLpro_SARS-CoV-2
0;Hyperoside;6LU7:A
0;Hyperoside;6M0J:A
0;Hyperoside;6LZG:A
0;Hyperoside;6VSB:A
0;Hyperoside;6VXX:A
0;Isoquercetin;YP_009725307.1
0;Isoquercetin;K4LC41_9BETC
0;Isoquercetin;PLpro_SARS-CoV-2
0;Isoquercetin;6LU7:A
0;Isoquercetin;6M0J:A
0;Isoquercetin;6LZG:A
0;Isoquercetin;6VSB:A
0;Isoquercetin;6VXX:A
0;Kaempferol;YP_009725307.1
0;Kaempferol;K4LC41_9BETC
0;Kaempferol;PLpro_SARS-CoV-2
0;Kaempferol;6LU7:A
0;Kaempferol;6M0J:A
0;Kaempferol;6LZG:A
0;Kaempferol;6VSB:A
0;Kaempferol;6VXX:A
1;Ligan library brotowali;YP_009725307.1
1;Ligan library brotowali;K4LC41_9BETC
1;Ligan library brotowali;PLpro_SARS-CoV-2
0;Ligan library brotowali;6LU7:A
0;Ligan library brotowali;6M0J:A
0;Ligan library brotowali;6LZG:A
0;Ligan library brotowali;6VSB:A
0;Ligan library brotowali;6VXX:A
0;Amritoside;YP_009725307.1
0;Amritoside;K4LC41_9BETC
0;Amritoside;PLpro_SARS-CoV-2
0;Amritoside;6LU7:A
0;Amritoside;6M0J:A
0;Amritoside;6LZG:A
0;Amritoside;6VSB:A
0;Amritoside;6VXX:A
0;Apigenin;YP_009725307.1
0;Apigenin;K4LC41_9BETC
0;Apigenin;PLpro_SARS-CoV-2
0;Apigenin;6LU7:A
0;Apigenin;6M0J:A
0;Apigenin;6LZG:A
0;Apigenin;6VSB:A
0;Apigenin;6VXX:A
0;Berberine;YP_009725307.1
0;Berberine;K4LC41_9BETC
0;Berberine;PLpro_SARS-CoV-2
0;Berberine;6LU7:A
0;Berberine;6M0J:A
0;Berberine;6LZG:A
0;Berberine;6VSB:A
0;Berberine;6VXX:A
1;Berberine2;YP_009725307.1
1;Berberine2;K4LC41_9BETC
1;Berberine2;PLpro_SARS-CoV-2
0;Berberine2;6LU7:A
0;Berberine2;6M0J:A
0;Berberine2;6LZG:A
0;Berberine2;6VSB:A
1;Berberine2;6VXX:A
0;Columbin;YP_009725307.1
0;Columbin;K4LC41_9BETC
0;Columbin;PLpro_SARS-CoV-2
0;Columbin;6LU7:A
0;Columbin;6M0J:A
0;Columbin;6LZG:A
0;Columbin;6VSB:A
0;Columbin;6VXX:A
0;Cordiofolioside a;YP_009725307.1
0;Cordiofolioside a;K4LC41_9BETC
0;Cordiofolioside a;PLpro_SARS-CoV-2
0;Cordiofolioside a;6LU7:A
0;Cordiofolioside a;6M0J:A
0;Cordiofolioside a;6LZG:A
0;Cordiofolioside a;6VSB:A
0;Cordiofolioside a;6VXX:A
0;Cycloeucalenol;YP_009725307.1
0;Cycloeucalenol;K4LC41_9BETC
0;Cycloeucalenol;PLpro_SARS-CoV-2
0;Cycloeucalenol;6LU7:A
0;Cycloeucalenol;6M0J:A
0;Cycloeucalenol;6LZG:A
0;Cycloeucalenol;6VSB:A
0;Cycloeucalenol;6VXX:A
0;Cycloeucalenone;YP_009725307.1
0;Cycloeucalenone;K4LC41_9BETC
0;Cycloeucalenone;PLpro_SARS-CoV-2
0;Cycloeucalenone;6LU7:A
0;Cycloeucalenone;6M0J:A
0;Cycloeucalenone;6LZG:A
0;Cycloeucalenone;6VSB:A
0;Cycloeucalenone;6VXX:A
0;Cytidine;YP_009725307.1
0;Cytidine;K4LC41_9BETC
0;Cytidine;PLpro_SARS-CoV-2
0;Cytidine;6LU7:A
0;Cytidine;6M0J:A
0;Cytidine;6LZG:A
0;Cytidine;6VSB:A
0;Cytidine;6VXX:A
0;Goyaglycoside h;YP_009725307.1
0;Goyaglycoside h;K4LC41_9BETC
0;Goyaglycoside h;PLpro_SARS-CoV-2
0;Goyaglycoside h;6LU7:A
0;Goyaglycoside h;6M0J:A
0;Goyaglycoside h;6LZG:A
0;Goyaglycoside h;6VSB:A
0;Goyaglycoside h;6VXX:A
0;Goyaglycoside g;YP_009725307.1
0;Goyaglycoside g;K4LC41_9BETC
0;Goyaglycoside g;PLpro_SARS-CoV-2
0;Goyaglycoside g;6LU7:A
0;Goyaglycoside g;6M0J:A
0;Goyaglycoside g;6LZG:A
0;Goyaglycoside g;6VSB:A
0;Goyaglycoside g;6VXX:A
0;Goyaglycoside f;YP_009725307.1
0;Goyaglycoside f;K4LC41_9BETC
0;Goyaglycoside f;PLpro_SARS-CoV-2
0;Goyaglycoside f;6LU7:A
0;Goyaglycoside f;6M0J:A
0;Goyaglycoside f;6LZG:A
0;Goyaglycoside f;6VSB:A
0;Goyaglycoside f;6VXX:A
0;Goyaglycoside e;YP_009725307.1
0;Goyaglycoside e;K4LC41_9BETC
0;Goyaglycoside e;PLpro_SARS-CoV-2
0;Goyaglycoside e;6LU7:A
0;Goyaglycoside e;6M0J:A
0;Goyaglycoside e;6LZG:A
0;Goyaglycoside e;6VSB:A
0;Goyaglycoside e;6VXX:A
0;Goyaglycoside c;YP_009725307.1
0;Goyaglycoside c;K4LC41_9BETC
0;Goyaglycoside c;PLpro_SARS-CoV-2
0;Goyaglycoside c;6LU7:A
0;Goyaglycoside c;6M0J:A
0;Goyaglycoside c;6LZG:A
0;Goyaglycoside c;6VSB:A
0;Goyaglycoside c;6VXX:A
0;Goyaglycoside a;YP_009725307.1
0;Goyaglycoside a;K4LC41_9BETC
0;Goyaglycoside a;PLpro_SARS-CoV-2
0;Goyaglycoside a;6LU7:A
0;Goyaglycoside a;6M0J:A
0;Goyaglycoside a;6LZG:A
0;Goyaglycoside a;6VSB:A
0;Goyaglycoside a;6VXX:A
0;Gentisic acid;YP_009725307.1
0;Gentisic acid;K4LC41_9BETC
0;Gentisic acid;PLpro_SARS-CoV-2
0;Gentisic acid;6LU7:A
0;Gentisic acid;6M0J:A
0;Gentisic acid;6LZG:A
0;Gentisic acid;6VSB:A
0;Gentisic acid;6VXX:A
0;Gartanin;YP_009725307.1
0;Gartanin;K4LC41_9BETC
0;Gartanin;PLpro_SARS-CoV-2
0;Gartanin;6LU7:A
0;Gartanin;6M0J:A
0;Gartanin;6LZG:A
0;Gartanin;6VSB:A
0;Gartanin;6VXX:A
0;Galacturonic acid;YP_009725307.1
0;Galacturonic acid;K4LC41_9BETC
0;Galacturonic acid;PLpro_SARS-CoV-2
0;Galacturonic acid;6LU7:A
0;Galacturonic acid;6M0J:A
0;Galacturonic acid;6LZG:A
0;Galacturonic acid;6VSB:A
0;Galacturonic acid;6VXX:A
0;Erythrodiol;YP_009725307.1
0;Erythrodiol;K4LC41_9BETC
0;Erythrodiol;PLpro_SARS-CoV-2
0;Erythrodiol;6LU7:A
0;Erythrodiol;6M0J:A
0;Erythrodiol;6LZG:A
0;Erythrodiol;6VSB:A
0;Erythrodiol;6VXX:A
0;Epi gallocathecin;YP_009725307.1
0;Epi gallocathecin;K4LC41_9BETC
0;Epi gallocathecin;PLpro_SARS-CoV-2
0;Epi gallocathecin;6LU7:A
0;Epi gallocathecin;6M0J:A
0;Epi gallocathecin;6LZG:A
0;Epi gallocathecin;6VSB:A
0;Epi gallocathecin;6VXX:A
0;Elaeostearic acid;YP_009725307.1
0;Elaeostearic acid;K4LC41_9BETC
0;Elaeostearic acid;PLpro_SARS-CoV-2
0;Elaeostearic acid;6LU7:A
0;Elaeostearic acid;6M0J:A
0;Elaeostearic acid;6LZG:A
0;Elaeostearic acid;6VSB:A
0;Elaeostearic acid;6VXX:A
0;Diosgenin;YP_009725307.1
0;Diosgenin;K4LC41_9BETC
0;Diosgenin;PLpro_SARS-CoV-2
0;Diosgenin;6LU7:A
0;Diosgenin;6M0J:A
0;Diosgenin;6LZG:A
0;Diosgenin;6VSB:A
0;Diosgenin;6VXX:A
0;Cycloarthenol;YP_009725307.1
0;Cycloarthenol;K4LC41_9BETC
0;Cycloarthenol;PLpro_SARS-CoV-2
0;Cycloarthenol;6LU7:A
0;Cycloarthenol;6M0J:A
0;Cycloarthenol;6LZG:A
0;Cycloarthenol;6VSB:A
0;Cycloarthenol;6VXX:A
0;Cucurbitins;YP_009725307.1
0;Cucurbitins;K4LC41_9BETC
0;Cucurbitins;PLpro_SARS-CoV-2
0;Cucurbitins;6LU7:A
0;Cucurbitins;6M0J:A
0;Cucurbitins;6LZG:A
0;Cucurbitins;6VSB:A
0;Cucurbitins;6VXX:A
1;Cucurbitane;YP_009725307.1
1;Cucurbitane;K4LC41_9BETC
1;Cucurbitane;PLpro_SARS-CoV-2
0;Cucurbitane;6LU7:A
0;Cucurbitane;6M0J:A
0;Cucurbitane;6LZG:A
0;Cucurbitane;6VSB:A
0;Cucurbitane;6VXX:A
0;Cucurbitacin s;YP_009725307.1
0;Cucurbitacin s;K4LC41_9BETC
0;Cucurbitacin s;PLpro_SARS-CoV-2
0;Cucurbitacin s;6LU7:A
0;Cucurbitacin s;6M0J:A
0;Cucurbitacin s;6LZG:A
0;Cucurbitacin s;6VSB:A
0;Cucurbitacin s;6VXX:A
0;Cucurbitacin r;YP_009725307.1
0;Cucurbitacin r;K4LC41_9BETC
0;Cucurbitacin r;PLpro_SARS-CoV-2
0;Cucurbitacin r;6LU7:A
0;Cucurbitacin r;6M0J:A
0;Cucurbitacin r;6LZG:A
0;Cucurbitacin r;6VSB:A
0;Cucurbitacin r;6VXX:A
0;Cucurbitacin q;YP_009725307.1
0;Cucurbitacin q;K4LC41_9BETC
0;Cucurbitacin q;PLpro_SARS-CoV-2
0;Cucurbitacin q;6LU7:A
0;Cucurbitacin q;6M0J:A
0;Cucurbitacin q;6LZG:A
0;Cucurbitacin q;6VSB:A
0;Cucurbitacin q;6VXX:A
0;Cucurbitacin p;YP_009725307.1
0;Cucurbitacin p;K4LC41_9BETC
0;Cucurbitacin p;PLpro_SARS-CoV-2
0;Cucurbitacin p;6LU7:A
0;Cucurbitacin p;6M0J:A
0;Cucurbitacin p;6LZG:A
0;Cucurbitacin p;6VSB:A
0;Cucurbitacin p;6VXX:A
0;Cucurbitacin o;YP_009725307.1
0;Cucurbitacin o;K4LC41_9BETC
0;Cucurbitacin o;PLpro_SARS-CoV-2
0;Cucurbitacin o;6LU7:A
0;Cucurbitacin o;6M0J:A
0;Cucurbitacin o;6LZG:A
0;Cucurbitacin o;6VSB:A
0;Cucurbitacin o;6VXX:A
0;Cucurbitacin l;YP_009725307.1
0;Cucurbitacin l;K4LC41_9BETC
0;Cucurbitacin l;PLpro_SARS-CoV-2
0;Cucurbitacin l;6LU7:A
0;Cucurbitacin l;6M0J:A
0;Cucurbitacin l;6LZG:A
0;Cucurbitacin l;6VSB:A
0;Cucurbitacin l;6VXX:A
0;Cucurbitacin k;YP_009725307.1
0;Cucurbitacin k;K4LC41_9BETC
0;Cucurbitacin k;PLpro_SARS-CoV-2
0;Cucurbitacin k;6LU7:A
0;Cucurbitacin k;6M0J:A
0;Cucurbitacin k;6LZG:A
0;Cucurbitacin k;6VSB:A
0;Cucurbitacin k;6VXX:A
0;Cucurbitacin j;YP_009725307.1
0;Cucurbitacin j;K4LC41_9BETC
0;Cucurbitacin j;PLpro_SARS-CoV-2
0;Cucurbitacin j;6LU7:A
0;Cucurbitacin j;6M0J:A
0;Cucurbitacin j;6LZG:A
0;Cucurbitacin j;6VSB:A
0;Cucurbitacin j;6VXX:A
0;Cucurbitacin i;YP_009725307.1
0;Cucurbitacin i;K4LC41_9BETC
0;Cucurbitacin i;PLpro_SARS-CoV-2
0;Cucurbitacin i;6LU7:A
0;Cucurbitacin i;6M0J:A
0;Cucurbitacin i;6LZG:A
0;Cucurbitacin i;6VSB:A
0;Cucurbitacin i;6VXX:A
0;Cucurbitacin g/h;YP_009725307.1
0;Cucurbitacin g/h;K4LC41_9BETC
0;Cucurbitacin g/h;PLpro_SARS-CoV-2
0;Cucurbitacin g/h;6LU7:A
0;Cucurbitacin g/h;6M0J:A
0;Cucurbitacin g/h;6LZG:A
0;Cucurbitacin g/h;6VSB:A
0;Cucurbitacin g/h;6VXX:A
0;Cucurbitacin f;YP_009725307.1
0;Cucurbitacin f;K4LC41_9BETC
0;Cucurbitacin f;PLpro_SARS-CoV-2
0;Cucurbitacin f;6LU7:A
0;Cucurbitacin f;6M0J:A
0;Cucurbitacin f;6LZG:A
0;Cucurbitacin f;6VSB:A
0;Cucurbitacin f;6VXX:A
0;Cucurbitacin e;YP_009725307.1
0;Cucurbitacin e;K4LC41_9BETC
0;Cucurbitacin e;PLpro_SARS-CoV-2
0;Cucurbitacin e;6LU7:A
0;Cucurbitacin e;6M0J:A
0;Cucurbitacin e;6LZG:A
0;Cucurbitacin e;6VSB:A
0;Cucurbitacin e;6VXX:A
0;Cucurbitacin d;YP_009725307.1
0;Cucurbitacin d;K4LC41_9BETC
0;Cucurbitacin d;PLpro_SARS-CoV-2
0;Cucurbitacin d;6LU7:A
0;Cucurbitacin d;6M0J:A
0;Cucurbitacin d;6LZG:A
0;Cucurbitacin d;6VSB:A
0;Cucurbitacin d;6VXX:A
0;Cucurbitacin c;YP_009725307.1
0;Cucurbitacin c;K4LC41_9BETC
0;Cucurbitacin c;PLpro_SARS-CoV-2
0;Cucurbitacin c;6LU7:A
0;Cucurbitacin c;6M0J:A
0;Cucurbitacin c;6LZG:A
0;Cucurbitacin c;6VSB:A
0;Cucurbitacin c;6VXX:A
0;Cucurbitacin b;YP_009725307.1
0;Cucurbitacin b;K4LC41_9BETC
0;Cucurbitacin b;PLpro_SARS-CoV-2
0;Cucurbitacin b;6LU7:A
0;Cucurbitacin b;6M0J:A
0;Cucurbitacin b;6LZG:A
0;Cucurbitacin b;6VSB:A
0;Cucurbitacin b;6VXX:A
0;Cucurbitacin a;YP_009725307.1
0;Cucurbitacin a;K4LC41_9BETC
0;Cucurbitacin a;PLpro_SARS-CoV-2
0;Cucurbitacin a;6LU7:A
0;Cucurbitacin a;6M0J:A
0;Cucurbitacin a;6LZG:A
0;Cucurbitacin a;6VSB:A
0;Cucurbitacin a;6VXX:A
0;Cryptoxanthin;YP_009725307.1
0;Cryptoxanthin;K4LC41_9BETC
0;Cryptoxanthin;PLpro_SARS-CoV-2
0;Cryptoxanthin;6LU7:A
0;Cryptoxanthin;6M0J:A
0;Cryptoxanthin;6LZG:A
0;Cryptoxanthin;6VSB:A
0;Cryptoxanthin;6VXX:A
0;Charine;YP_009725307.1
0;Charine;K4LC41_9BETC
0;Charine;PLpro_SARS-CoV-2
0;Charine;6LU7:A
0;Charine;6M0J:A
0;Charine;6LZG:A
0;Charine;6VSB:A
0;Charine;6VXX:A
0;Charantin;YP_009725307.1
0;Charantin;K4LC41_9BETC
0;Charantin;PLpro_SARS-CoV-2
0;Charantin;6LU7:A
0;Charantin;6M0J:A
0;Charantin;6LZG:A
0;Charantin;6VSB:A
0;Charantin;6VXX:A
1;Berberine2;YP_009725307.1
1;Berberine2;K4LC41_9BETC
1;Berberine2;PLpro_SARS-CoV-2
0;Berberine2;6LU7:A
0;Berberine2;6M0J:A
0;Berberine2;6LZG:A
0;Berberine2;6VSB:A
1;Berberine2;6VXX:A
0;Andrographolide;YP_009725307.1
0;Andrographolide;K4LC41_9BETC
0;Andrographolide;PLpro_SARS-CoV-2
0;Andrographolide;6LU7:A
0;Andrographolide;6M0J:A
0;Andrographolide;6LZG:A
0;Andrographolide;6VSB:A
0;Andrographolide;6VXX:A
0;Andrographolide type 4;YP_009725307.1
0;Andrographolide type 4;K4LC41_9BETC
0;Andrographolide type 4;PLpro_SARS-CoV-2
0;Andrographolide type 4;6LU7:A
0;Andrographolide type 4;6M0J:A
0;Andrographolide type 4;6LZG:A
0;Andrographolide type 4;6VSB:A
0;Andrographolide type 4;6VXX:A
0;Andrographolide type 3;YP_009725307.1
0;Andrographolide type 3;K4LC41_9BETC
0;Andrographolide type 3;PLpro_SARS-CoV-2
0;Andrographolide type 3;6LU7:A
0;Andrographolide type 3;6M0J:A
0;Andrographolide type 3;6LZG:A
0;Andrographolide type 3;6VSB:A
0;Andrographolide type 3;6VXX:A
0;Andrographolide type 2;YP_009725307.1
0;Andrographolide type 2;K4LC41_9BETC
0;Andrographolide type 2;PLpro_SARS-CoV-2
0;Andrographolide type 2;6LU7:A
0;Andrographolide type 2;6M0J:A
0;Andrographolide type 2;6LZG:A
0;Andrographolide type 2;6VSB:A
0;Andrographolide type 2;6VXX:A
0;Aloin;YP_009725307.1
0;Aloin;K4LC41_9BETC
0;Aloin;PLpro_SARS-CoV-2
0;Aloin;6LU7:A
0;Aloin;6M0J:A
0;Aloin;6LZG:A
0;Aloin;6VSB:A
0;Aloin;6VXX:A
0;14-deoxy-11-oxoandrographolide;YP_009725307.1
0;14-deoxy-11-oxoandrographolide;K4LC41_9BETC
0;14-deoxy-11-oxoandrographolide;PLpro_SARS-CoV-2
0;14-deoxy-11-oxoandrographolide;6LU7:A
0;14-deoxy-11-oxoandrographolide;6M0J:A
0;14-deoxy-11-oxoandrographolide;6LZG:A
0;14-deoxy-11-oxoandrographolide;6VSB:A
0;14-deoxy-11-oxoandrographolide;6VXX:A
0;14-deoxy-11;12-didehydroandrographolide2
0;14-deoxy-11;12-didehydroandrographolide2
0;14-deoxy-11;12-didehydroandrographolide2
0;14-deoxy-11;12-didehydroandrographolide2
0;14-deoxy-11;12-didehydroandrographolide2
0;14-deoxy-11;12-didehydroandrographolide2
0;14-deoxy-11;12-didehydroandrographolide2
0;14-deoxy-11;12-didehydroandrographolide2
1;11-hydroxymutakone;YP_009725307.1
1;11-hydroxymutakone;K4LC41_9BETC
1;11-hydroxymutakone;PLpro_SARS-CoV-2
0;11-hydroxymutakone;6LU7:A
0;11-hydroxymutakone;6M0J:A
0;11-hydroxymutakone;6LZG:A
0;11-hydroxymutakone;6VSB:A
0;11-hydroxymutakone;6VXX:A
